"right_id","left_id","strain_number","left_barcode","right_barcode","notes","revComp"
1,1,17,"gtgcgacagcttcagacctgTCCATgcccaatacgcaaaccgcct","cgcatctttggctgtatttcACCTCgtgcgacagcttcagacctg",,"ATGGAGAGGT"
1,8,254,"gtgcgacagcttcagacctgAACGGgcccaatacgcaaaccgcct","cgcatctttggctgtatttcACCTCgtgcgacagcttcagacctg",,"CCGTTGAGGT"
1,16,693,"gtgcgacagcttcagacctgTGTGAgcccaatacgcaaaccgcct","cgcatctttggctgtatttcACCTCgtgcgacagcttcagacctg",,"TCACAGAGGT"
1,9,473,"gtgcgacagcttcagacctgGACTTgcccaatacgcaaaccgcct","cgcatctttggctgtatttcACCTCgtgcgacagcttcagacctg",,"AAGTCGAGGT"
1,20,880,"gtgcgacagcttcagacctgACACAgcccaatacgcaaaccgcct","cgcatctttggctgtatttcACCTCgtgcgacagcttcagacctg",,"TGTGTGAGGT"
1,5,235,"gtgcgacagcttcagacctgAGCAAgcccaatacgcaaaccgcct","cgcatctttggctgtatttcACCTCgtgcgacagcttcagacctg",,"TTGCTGAGGT"
1,4,"17_2","gtgcgacagcttcagacctgAGAGCgcccaatacgcaaaccgcct","cgcatctttggctgtatttcACCTCgtgcgacagcttcagacctg",,"GCTCTGAGGT"
1,13,674,"gtgcgacagcttcagacctgGGATAgcccaatacgcaaaccgcct","cgcatctttggctgtatttcACCTCgtgcgacagcttcagacctg",,"TATCCGAGGT"
1,11,485,"gtgcgacagcttcagacctgTAGGTgcccaatacgcaaaccgcct","cgcatctttggctgtatttcACCTCgtgcgacagcttcagacctg",,"ACCTAGAGGT"
1,14,683,"gtgcgacagcttcagacctgTCGTAgcccaatacgcaaaccgcct","cgcatctttggctgtatttcACCTCgtgcgacagcttcagacctg",,"TACGAGAGGT"
1,3,14,"gtgcgacagcttcagacctgGGTATgcccaatacgcaaaccgcct","cgcatctttggctgtatttcACCTCgtgcgacagcttcagacctg",,"ATACCGAGGT"
1,15,689,"gtgcgacagcttcagacctgATGGAgcccaatacgcaaaccgcct","cgcatctttggctgtatttcACCTCgtgcgacagcttcagacctg",,"TCCATGAGGT"
1,7,250,"gtgcgacagcttcagacctgACTGTgcccaatacgcaaaccgcct","cgcatctttggctgtatttcACCTCgtgcgacagcttcagacctg",,"ACAGTGAGGT"
1,18,870,"gtgcgacagcttcagacctgCTTGGgcccaatacgcaaaccgcct","cgcatctttggctgtatttcACCTCgtgcgacagcttcagacctg",,"CCAAGGAGGT"
2,19,904,"gtgcgacagcttcagacctgGCAACgcccaatacgcaaaccgcct","cgcatctttggctgtatttcCTGATgtgcgacagcttcagacctg",,"GTTGCATCAG"
2,18,892,"gtgcgacagcttcagacctgCTTGGgcccaatacgcaaaccgcct","cgcatctttggctgtatttcCTGATgtgcgacagcttcagacctg",,"CCAAGATCAG"
2,4,40,"gtgcgacagcttcagacctgAGAGCgcccaatacgcaaaccgcct","cgcatctttggctgtatttcCTGATgtgcgacagcttcagacctg",,"GCTCTATCAG"
2,11,506,"gtgcgacagcttcagacctgTAGGTgcccaatacgcaaaccgcct","cgcatctttggctgtatttcCTGATgtgcgacagcttcagacctg",,"ACCTAATCAG"
2,10,501,"gtgcgacagcttcagacctgCCTAAgcccaatacgcaaaccgcct","cgcatctttggctgtatttcCTGATgtgcgacagcttcagacctg",,"TTAGGATCAG"
2,14,703,"gtgcgacagcttcagacctgTCGTAgcccaatacgcaaaccgcct","cgcatctttggctgtatttcCTGATgtgcgacagcttcagacctg",,"TACGAATCAG"
2,17,888,"gtgcgacagcttcagacctgCGTTCgcccaatacgcaaaccgcct","cgcatctttggctgtatttcCTGATgtgcgacagcttcagacctg",,"GAACGATCAG"
2,16,717,"gtgcgacagcttcagacctgTGTGAgcccaatacgcaaaccgcct","cgcatctttggctgtatttcCTGATgtgcgacagcttcagacctg",,"TCACAATCAG"
2,7,272,"gtgcgacagcttcagacctgACTGTgcccaatacgcaaaccgcct","cgcatctttggctgtatttcCTGATgtgcgacagcttcagacctg",,"ACAGTATCAG"
2,3,33,"gtgcgacagcttcagacctgGGTATgcccaatacgcaaaccgcct","cgcatctttggctgtatttcCTGATgtgcgacagcttcagacctg",,"ATACCATCAG"
2,15,711,"gtgcgacagcttcagacctgATGGAgcccaatacgcaaaccgcct","cgcatctttggctgtatttcCTGATgtgcgacagcttcagacctg",,"TCCATATCAG"
2,9,493,"gtgcgacagcttcagacctgGACTTgcccaatacgcaaaccgcct","cgcatctttggctgtatttcCTGATgtgcgacagcttcagacctg",,"AAGTCATCAG"
2,1,"40_2","gtgcgacagcttcagacctgTCCATgcccaatacgcaaaccgcct","cgcatctttggctgtatttcCTGATgtgcgacagcttcagacctg",,"ATGGAATCAG"
3,8,311,"gtgcgacagcttcagacctgAACGGgcccaatacgcaaaccgcct","cgcatctttggctgtatttcACGAGgtgcgacagcttcagacctg",,"CCGTTCTCGT"
3,1,45,"gtgcgacagcttcagacctgTCCATgcccaatacgcaaaccgcct","cgcatctttggctgtatttcACGAGgtgcgacagcttcagacctg",,"ATGGACTCGT"
3,10,524,"gtgcgacagcttcagacctgCCTAAgcccaatacgcaaaccgcct","cgcatctttggctgtatttcACGAGgtgcgacagcttcagacctg",,"TTAGGCTCGT"
3,4,59,"gtgcgacagcttcagacctgAGAGCgcccaatacgcaaaccgcct","cgcatctttggctgtatttcACGAGgtgcgacagcttcagacctg",,"GCTCTCTCGT"
3,19,931,"gtgcgacagcttcagacctgGCAACgcccaatacgcaaaccgcct","cgcatctttggctgtatttcACGAGgtgcgacagcttcagacctg",,"GTTGCCTCGT"
3,16,740,"gtgcgacagcttcagacctgTGTGAgcccaatacgcaaaccgcct","cgcatctttggctgtatttcACGAGgtgcgacagcttcagacctg",,"TCACACTCGT"
3,18,923,"gtgcgacagcttcagacctgCTTGGgcccaatacgcaaaccgcct","cgcatctttggctgtatttcACGAGgtgcgacagcttcagacctg",,"CCAAGCTCGT"
3,5,291,"gtgcgacagcttcagacctgAGCAAgcccaatacgcaaaccgcct","cgcatctttggctgtatttcACGAGgtgcgacagcttcagacctg",,"TTGCTCTCGT"
3,14,731,"gtgcgacagcttcagacctgTCGTAgcccaatacgcaaaccgcct","cgcatctttggctgtatttcACGAGgtgcgacagcttcagacctg",,"TACGACTCGT"
3,9,521,"gtgcgacagcttcagacctgGACTTgcccaatacgcaaaccgcct","cgcatctttggctgtatttcACGAGgtgcgacagcttcagacctg",,"AAGTCCTCGT"
3,6,296,"gtgcgacagcttcagacctgGATGCgcccaatacgcaaaccgcct","cgcatctttggctgtatttcACGAGgtgcgacagcttcagacctg",,"GCATCCTCGT"
3,15,735,"gtgcgacagcttcagacctgATGGAgcccaatacgcaaaccgcct","cgcatctttggctgtatttcACGAGgtgcgacagcttcagacctg",,"TCCATCTCGT"
4,5,323,"gtgcgacagcttcagacctgAGCAAgcccaatacgcaaaccgcct","cgcatctttggctgtatttcTTGCGgtgcgacagcttcagacctg",,"TTGCTCGCAA"
4,9,538,"gtgcgacagcttcagacctgGACTTgcccaatacgcaaaccgcct","cgcatctttggctgtatttcTTGCGgtgcgacagcttcagacctg",,"AAGTCCGCAA"
4,17,939,"gtgcgacagcttcagacctgCGTTCgcccaatacgcaaaccgcct","cgcatctttggctgtatttcTTGCGgtgcgacagcttcagacctg",,"GAACGCGCAA"
4,20,956,"gtgcgacagcttcagacctgACACAgcccaatacgcaaaccgcct","cgcatctttggctgtatttcTTGCGgtgcgacagcttcagacctg",,"TGTGTCGCAA"
4,6,336,"gtgcgacagcttcagacctgGATGCgcccaatacgcaaaccgcct","cgcatctttggctgtatttcTTGCGgtgcgacagcttcagacctg",,"GCATCCGCAA"
4,14,748,"gtgcgacagcttcagacctgTCGTAgcccaatacgcaaaccgcct","cgcatctttggctgtatttcTTGCGgtgcgacagcttcagacctg",,"TACGACGCAA"
4,2,66,"gtgcgacagcttcagacctgCGAAGgcccaatacgcaaaccgcct","cgcatctttggctgtatttcTTGCGgtgcgacagcttcagacctg",,"CTTCGCGCAA"
4,3,77,"gtgcgacagcttcagacctgGGTATgcccaatacgcaaaccgcct","cgcatctttggctgtatttcTTGCGgtgcgacagcttcagacctg",,"ATACCCGCAA"
4,16,756,"gtgcgacagcttcagacctgTGTGAgcccaatacgcaaaccgcct","cgcatctttggctgtatttcTTGCGgtgcgacagcttcagacctg",,"TCACACGCAA"
4,8,350,"gtgcgacagcttcagacctgAACGGgcccaatacgcaaaccgcct","cgcatctttggctgtatttcTTGCGgtgcgacagcttcagacctg",,"CCGTTCGCAA"
4,18,943,"gtgcgacagcttcagacctgCTTGGgcccaatacgcaaaccgcct","cgcatctttggctgtatttcTTGCGgtgcgacagcttcagacctg",,"CCAAGCGCAA"
4,15,753,"gtgcgacagcttcagacctgATGGAgcccaatacgcaaaccgcct","cgcatctttggctgtatttcTTGCGgtgcgacagcttcagacctg",,"TCCATCGCAA"
4,11,545,"gtgcgacagcttcagacctgTAGGTgcccaatacgcaaaccgcct","cgcatctttggctgtatttcTTGCGgtgcgacagcttcagacctg",,"ACCTACGCAA"
4,10,541,"gtgcgacagcttcagacctgCCTAAgcccaatacgcaaaccgcct","cgcatctttggctgtatttcTTGCGgtgcgacagcttcagacctg",,"TTAGGCGCAA"
5,8,387,"gtgcgacagcttcagacctgAACGGgcccaatacgcaaaccgcct","cgcatctttggctgtatttcGTTCAgtgcgacagcttcagacctg",,"CCGTTTGAAC"
5,17,960,"gtgcgacagcttcagacctgCGTTCgcccaatacgcaaaccgcct","cgcatctttggctgtatttcGTTCAgtgcgacagcttcagacctg",,"GAACGTGAAC"
5,15,783,"gtgcgacagcttcagacctgATGGAgcccaatacgcaaaccgcct","cgcatctttggctgtatttcGTTCAgtgcgacagcttcagacctg",,"TCCATTGAAC"
5,5,359,"gtgcgacagcttcagacctgAGCAAgcccaatacgcaaaccgcct","cgcatctttggctgtatttcGTTCAgtgcgacagcttcagacctg",,"TTGCTTGAAC"
5,20,983,"gtgcgacagcttcagacctgACACAgcccaatacgcaaaccgcct","cgcatctttggctgtatttcGTTCAgtgcgacagcttcagacctg",,"TGTGTTGAAC"
5,11,576,"gtgcgacagcttcagacctgTAGGTgcccaatacgcaaaccgcct","cgcatctttggctgtatttcGTTCAgtgcgacagcttcagacctg",,"ACCTATGAAC"
5,14,778,"gtgcgacagcttcagacctgTCGTAgcccaatacgcaaaccgcct","cgcatctttggctgtatttcGTTCAgtgcgacagcttcagacctg",,"TACGATGAAC"
5,16,790,"gtgcgacagcttcagacctgTGTGAgcccaatacgcaaaccgcct","cgcatctttggctgtatttcGTTCAgtgcgacagcttcagacctg",,"TCACATGAAC"
5,19,976,"gtgcgacagcttcagacctgGCAACgcccaatacgcaaaccgcct","cgcatctttggctgtatttcGTTCAgtgcgacagcttcagacctg",,"GTTGCTGAAC"
5,1,87,"gtgcgacagcttcagacctgTCCATgcccaatacgcaaaccgcct","cgcatctttggctgtatttcGTTCAgtgcgacagcttcagacctg",,"ATGGATGAAC"
5,18,967,"gtgcgacagcttcagacctgCTTGGgcccaatacgcaaaccgcct","cgcatctttggctgtatttcGTTCAgtgcgacagcttcagacctg",,"CCAAGTGAAC"
5,7,383,"gtgcgacagcttcagacctgACTGTgcccaatacgcaaaccgcct","cgcatctttggctgtatttcGTTCAgtgcgacagcttcagacctg",,"ACAGTTGAAC"
5,10,571,"gtgcgacagcttcagacctgCCTAAgcccaatacgcaaaccgcct","cgcatctttggctgtatttcGTTCAgtgcgacagcttcagacctg",,"TTAGGTGAAC"
5,9,559,"gtgcgacagcttcagacctgGACTTgcccaatacgcaaaccgcct","cgcatctttggctgtatttcGTTCAgtgcgacagcttcagacctg",,"AAGTCTGAAC"
6,14,800,"gtgcgacagcttcagacctgTCGTAgcccaatacgcaaaccgcct","cgcatctttggctgtatttcAGGTTgtgcgacagcttcagacctg",,"TACGAAACCT"
6,10,598,"gtgcgacagcttcagacctgCCTAAgcccaatacgcaaaccgcct","cgcatctttggctgtatttcAGGTTgtgcgacagcttcagacctg",,"TTAGGAACCT"
6,20,1007,"gtgcgacagcttcagacctgACACAgcccaatacgcaaaccgcct","cgcatctttggctgtatttcAGGTTgtgcgacagcttcagacctg",,"TGTGTAACCT"
6,13,796,"gtgcgacagcttcagacctgGGATAgcccaatacgcaaaccgcct","cgcatctttggctgtatttcAGGTTgtgcgacagcttcagacctg",,"TATCCAACCT"
6,8,418,"gtgcgacagcttcagacctgAACGGgcccaatacgcaaaccgcct","cgcatctttggctgtatttcAGGTTgtgcgacagcttcagacctg",,"CCGTTAACCT"
6,5,399,"gtgcgacagcttcagacctgAGCAAgcccaatacgcaaaccgcct","cgcatctttggctgtatttcAGGTTgtgcgacagcttcagacctg",,"TTGCTAACCT"
6,15,804,"gtgcgacagcttcagacctgATGGAgcccaatacgcaaaccgcct","cgcatctttggctgtatttcAGGTTgtgcgacagcttcagacctg",,"TCCATAACCT"
6,9,589,"gtgcgacagcttcagacctgGACTTgcccaatacgcaaaccgcct","cgcatctttggctgtatttcAGGTTgtgcgacagcttcagacctg",,"AAGTCAACCT"
6,1,113,"gtgcgacagcttcagacctgTCCATgcccaatacgcaaaccgcct","cgcatctttggctgtatttcAGGTTgtgcgacagcttcagacctg",,"ATGGAAACCT"
6,16,808,"gtgcgacagcttcagacctgTGTGAgcccaatacgcaaaccgcct","cgcatctttggctgtatttcAGGTTgtgcgacagcttcagacctg",,"TCACAAACCT"
6,17,987,"gtgcgacagcttcagacctgCGTTCgcccaatacgcaaaccgcct","cgcatctttggctgtatttcAGGTTgtgcgacagcttcagacctg",,"GAACGAACCT"
6,2,124,"gtgcgacagcttcagacctgCGAAGgcccaatacgcaaaccgcct","cgcatctttggctgtatttcAGGTTgtgcgacagcttcagacctg",,"CTTCGAACCT"
6,12,619,"gtgcgacagcttcagacctgCATCTgcccaatacgcaaaccgcct","cgcatctttggctgtatttcAGGTTgtgcgacagcttcagacctg",,"AGATGAACCT"
6,11,611,"gtgcgacagcttcagacctgTAGGTgcccaatacgcaaaccgcct","cgcatctttggctgtatttcAGGTTgtgcgacagcttcagacctg",,"ACCTAAACCT"
6,3,133,"gtgcgacagcttcagacctgGGTATgcccaatacgcaaaccgcct","cgcatctttggctgtatttcAGGTTgtgcgacagcttcagacctg",,"ATACCAACCT"
6,19,998,"gtgcgacagcttcagacctgGCAACgcccaatacgcaaaccgcct","cgcatctttggctgtatttcAGGTTgtgcgacagcttcagacctg",,"GTTGCAACCT"
6,7,409,"gtgcgacagcttcagacctgACTGTgcccaatacgcaaaccgcct","cgcatctttggctgtatttcAGGTTgtgcgacagcttcagacctg",,"ACAGTAACCT"
7,12,648,"gtgcgacagcttcagacctgCATCTgcccaatacgcaaaccgcct","cgcatctttggctgtatttcATCCTgtgcgacagcttcagacctg",,"AGATGAGGAT"
7,20,1038,"gtgcgacagcttcagacctgACACAgcccaatacgcaaaccgcct","cgcatctttggctgtatttcATCCTgtgcgacagcttcagacctg",,"TGTGTAGGAT"
7,13,812,"gtgcgacagcttcagacctgGGATAgcccaatacgcaaaccgcct","cgcatctttggctgtatttcATCCTgtgcgacagcttcagacctg",,"TATCCAGGAT"
7,16,837,"gtgcgacagcttcagacctgTGTGAgcccaatacgcaaaccgcct","cgcatctttggctgtatttcATCCTgtgcgacagcttcagacctg",,"TCACAAGGAT"
7,17,1016,"gtgcgacagcttcagacctgCGTTCgcccaatacgcaaaccgcct","cgcatctttggctgtatttcATCCTgtgcgacagcttcagacctg",,"GAACGAGGAT"
7,14,821,"gtgcgacagcttcagacctgTCGTAgcccaatacgcaaaccgcct","cgcatctttggctgtatttcATCCTgtgcgacagcttcagacctg",,"TACGAAGGAT"
7,9,631,"gtgcgacagcttcagacctgGACTTgcccaatacgcaaaccgcct","cgcatctttggctgtatttcATCCTgtgcgacagcttcagacctg",,"AAGTCAGGAT"
7,4,180,"gtgcgacagcttcagacctgAGAGCgcccaatacgcaaaccgcct","cgcatctttggctgtatttcATCCTgtgcgacagcttcagacctg",,"GCTCTAGGAT"
7,8,439,"gtgcgacagcttcagacctgAACGGgcccaatacgcaaaccgcct","cgcatctttggctgtatttcATCCTgtgcgacagcttcagacctg",,"CCGTTAGGAT"
7,1,"180_2","gtgcgacagcttcagacctgTCCATgcccaatacgcaaaccgcct","cgcatctttggctgtatttcATCCTgtgcgacagcttcagacctg",,"ATGGAAGGAT"
7,2,153,"gtgcgacagcttcagacctgCGAAGgcccaatacgcaaaccgcct","cgcatctttggctgtatttcATCCTgtgcgacagcttcagacctg",,"CTTCGAGGAT"
7,15,830,"gtgcgacagcttcagacctgATGGAgcccaatacgcaaaccgcct","cgcatctttggctgtatttcATCCTgtgcgacagcttcagacctg",,"TCCATAGGAT"
7,10,638,"gtgcgacagcttcagacctgCCTAAgcccaatacgcaaaccgcct","cgcatctttggctgtatttcATCCTgtgcgacagcttcagacctg",,"TTAGGAGGAT"
7,5,421,"gtgcgacagcttcagacctgAGCAAgcccaatacgcaaaccgcct","cgcatctttggctgtatttcATCCTgtgcgacagcttcagacctg",,"TTGCTAGGAT"
8,7,460,"gtgcgacagcttcagacctgACTGTgcccaatacgcaaaccgcct","cgcatctttggctgtatttcTTCGCgtgcgacagcttcagacctg",,"ACAGTGCGAA"
8,13,841,"gtgcgacagcttcagacctgGGATAgcccaatacgcaaaccgcct","cgcatctttggctgtatttcTTCGCgtgcgacagcttcagacctg",,"TATCCGCGAA"
8,19,1065,"gtgcgacagcttcagacctgGCAACgcccaatacgcaaaccgcct","cgcatctttggctgtatttcTTCGCgtgcgacagcttcagacctg",,"GTTGCGCGAA"
8,14,848,"gtgcgacagcttcagacctgTCGTAgcccaatacgcaaaccgcct","cgcatctttggctgtatttcTTCGCgtgcgacagcttcagacctg",,"TACGAGCGAA"
8,10,658,"gtgcgacagcttcagacctgCCTAAgcccaatacgcaaaccgcct","cgcatctttggctgtatttcTTCGCgtgcgacagcttcagacctg",,"TTAGGGCGAA"
8,17,1046,"gtgcgacagcttcagacctgCGTTCgcccaatacgcaaaccgcct","cgcatctttggctgtatttcTTCGCgtgcgacagcttcagacctg",,"GAACGGCGAA"
8,5,446,"gtgcgacagcttcagacctgAGCAAgcccaatacgcaaaccgcct","cgcatctttggctgtatttcTTCGCgtgcgacagcttcagacctg",,"TTGCTGCGAA"
8,4,217,"gtgcgacagcttcagacctgAGAGCgcccaatacgcaaaccgcct","cgcatctttggctgtatttcTTCGCgtgcgacagcttcagacctg",,"GCTCTGCGAA"
8,9,652,"gtgcgacagcttcagacctgGACTTgcccaatacgcaaaccgcct","cgcatctttggctgtatttcTTCGCgtgcgacagcttcagacctg",,"AAGTCGCGAA"
8,16,859,"gtgcgacagcttcagacctgTGTGAgcccaatacgcaaaccgcct","cgcatctttggctgtatttcTTCGCgtgcgacagcttcagacctg",,"TCACAGCGAA"
8,18,1052,"gtgcgacagcttcagacctgCTTGGgcccaatacgcaaaccgcct","cgcatctttggctgtatttcTTCGCgtgcgacagcttcagacctg",,"CCAAGGCGAA"
8,1,188,"gtgcgacagcttcagacctgTCCATgcccaatacgcaaaccgcct","cgcatctttggctgtatttcTTCGCgtgcgacagcttcagacctg",,"ATGGAGCGAA"
8,6,454,"gtgcgacagcttcagacctgGATGCgcccaatacgcaaaccgcct","cgcatctttggctgtatttcTTCGCgtgcgacagcttcagacctg",,"GCATCGCGAA"
8,11,666,"gtgcgacagcttcagacctgTAGGTgcccaatacgcaaaccgcct","cgcatctttggctgtatttcTTCGCgtgcgacagcttcagacctg",,"ACCTAGCGAA"
8,15,854,"gtgcgacagcttcagacctgATGGAgcccaatacgcaaaccgcct","cgcatctttggctgtatttcTTCGCgtgcgacagcttcagacctg",,"TCCATGCGAA"
9,20,882,"gtgcgacagcttcagacctgACACAgcccaatacgcaaaccgcct","cgcatctttggctgtatttcGAGAAgtgcgacagcttcagacctg",,"TGTGTTTCTC"
9,14,685,"gtgcgacagcttcagacctgTCGTAgcccaatacgcaaaccgcct","cgcatctttggctgtatttcGAGAAgtgcgacagcttcagacctg",,"TACGATTCTC"
9,8,257,"gtgcgacagcttcagacctgAACGGgcccaatacgcaaaccgcct","cgcatctttggctgtatttcGAGAAgtgcgacagcttcagacctg",,"CCGTTTTCTC"
9,1,6,"gtgcgacagcttcagacctgTCCATgcccaatacgcaaaccgcct","cgcatctttggctgtatttcGAGAAgtgcgacagcttcagacctg",,"ATGGATTCTC"
9,11,486,"gtgcgacagcttcagacctgTAGGTgcccaatacgcaaaccgcct","cgcatctttggctgtatttcGAGAAgtgcgacagcttcagacctg",,"ACCTATTCTC"
9,15,690,"gtgcgacagcttcagacctgATGGAgcccaatacgcaaaccgcct","cgcatctttggctgtatttcGAGAAgtgcgacagcttcagacctg",,"TCCATTTCTC"
9,4,20,"gtgcgacagcttcagacctgAGAGCgcccaatacgcaaaccgcct","cgcatctttggctgtatttcGAGAAgtgcgacagcttcagacctg",,"GCTCTTTCTC"
9,9,475,"gtgcgacagcttcagacctgGACTTgcccaatacgcaaaccgcct","cgcatctttggctgtatttcGAGAAgtgcgacagcttcagacctg",,"AAGTCTTCTC"
9,16,695,"gtgcgacagcttcagacctgTGTGAgcccaatacgcaaaccgcct","cgcatctttggctgtatttcGAGAAgtgcgacagcttcagacctg",,"TCACATTCTC"
9,3,15,"gtgcgacagcttcagacctgGGTATgcccaatacgcaaaccgcct","cgcatctttggctgtatttcGAGAAgtgcgacagcttcagacctg",,"ATACCTTCTC"
9,17,868,"gtgcgacagcttcagacctgCGTTCgcccaatacgcaaaccgcct","cgcatctttggctgtatttcGAGAAgtgcgacagcttcagacctg",,"GAACGTTCTC"
9,13,676,"gtgcgacagcttcagacctgGGATAgcccaatacgcaaaccgcct","cgcatctttggctgtatttcGAGAAgtgcgacagcttcagacctg",,"TATCCTTCTC"
9,12,491,"gtgcgacagcttcagacctgCATCTgcccaatacgcaaaccgcct","cgcatctttggctgtatttcGAGAAgtgcgacagcttcagacctg",,"AGATGTTCTC"
9,18,871,"gtgcgacagcttcagacctgCTTGGgcccaatacgcaaaccgcct","cgcatctttggctgtatttcGAGAAgtgcgacagcttcagacctg",,"CCAAGTTCTC"
9,7,252,"gtgcgacagcttcagacctgACTGTgcccaatacgcaaaccgcct","cgcatctttggctgtatttcGAGAAgtgcgacagcttcagacctg",,"ACAGTTTCTC"
10,15,713,"gtgcgacagcttcagacctgATGGAgcccaatacgcaaaccgcct","cgcatctttggctgtatttcTGCTGgtgcgacagcttcagacctg",,"TCCATCAGCA"
10,11,507,"gtgcgacagcttcagacctgTAGGTgcccaatacgcaaaccgcct","cgcatctttggctgtatttcTGCTGgtgcgacagcttcagacctg",,"ACCTACAGCA"
10,8,286,"gtgcgacagcttcagacctgAACGGgcccaatacgcaaaccgcct","cgcatctttggctgtatttcTGCTGgtgcgacagcttcagacctg",,"CCGTTCAGCA"
10,13,701,"gtgcgacagcttcagacctgGGATAgcccaatacgcaaaccgcct","cgcatctttggctgtatttcTGCTGgtgcgacagcttcagacctg",,"TATCCCAGCA"
10,7,277,"gtgcgacagcttcagacctgACTGTgcccaatacgcaaaccgcct","cgcatctttggctgtatttcTGCTGgtgcgacagcttcagacctg",,"ACAGTCAGCA"
10,4,43,"gtgcgacagcttcagacctgAGAGCgcccaatacgcaaaccgcct","cgcatctttggctgtatttcTGCTGgtgcgacagcttcagacctg",,"GCTCTCAGCA"
10,20,916,"gtgcgacagcttcagacctgACACAgcccaatacgcaaaccgcct","cgcatctttggctgtatttcTGCTGgtgcgacagcttcagacctg",,"TGTGTCAGCA"
10,1,27,"gtgcgacagcttcagacctgTCCATgcccaatacgcaaaccgcct","cgcatctttggctgtatttcTGCTGgtgcgacagcttcagacctg",,"ATGGACAGCA"
10,18,897,"gtgcgacagcttcagacctgCTTGGgcccaatacgcaaaccgcct","cgcatctttggctgtatttcTGCTGgtgcgacagcttcagacctg",,"CCAAGCAGCA"
10,6,270,"gtgcgacagcttcagacctgGATGCgcccaatacgcaaaccgcct","cgcatctttggctgtatttcTGCTGgtgcgacagcttcagacctg",,"GCATCCAGCA"
10,2,31,"gtgcgacagcttcagacctgCGAAGgcccaatacgcaaaccgcct","cgcatctttggctgtatttcTGCTGgtgcgacagcttcagacctg",,"CTTCGCAGCA"
10,16,721,"gtgcgacagcttcagacctgTGTGAgcccaatacgcaaaccgcct","cgcatctttggctgtatttcTGCTGgtgcgacagcttcagacctg",,"TCACACAGCA"
10,9,495,"gtgcgacagcttcagacctgGACTTgcccaatacgcaaaccgcct","cgcatctttggctgtatttcTGCTGgtgcgacagcttcagacctg",,"AAGTCCAGCA"
10,14,705,"gtgcgacagcttcagacctgTCGTAgcccaatacgcaaaccgcct","cgcatctttggctgtatttcTGCTGgtgcgacagcttcagacctg",,"TACGACAGCA"
11,8,312,"gtgcgacagcttcagacctgAACGGgcccaatacgcaaaccgcct","cgcatctttggctgtatttcCACACgtgcgacagcttcagacctg",,"CCGTTGTGTG"
11,9,522,"gtgcgacagcttcagacctgGACTTgcccaatacgcaaaccgcct","cgcatctttggctgtatttcCACACgtgcgacagcttcagacctg",,"AAGTCGTGTG"
11,1,48,"gtgcgacagcttcagacctgTCCATgcccaatacgcaaaccgcct","cgcatctttggctgtatttcCACACgtgcgacagcttcagacctg",,"ATGGAGTGTG"
11,11,531,"gtgcgacagcttcagacctgTAGGTgcccaatacgcaaaccgcct","cgcatctttggctgtatttcCACACgtgcgacagcttcagacctg",,"ACCTAGTGTG"
11,20,936,"gtgcgacagcttcagacctgACACAgcccaatacgcaaaccgcct","cgcatctttggctgtatttcCACACgtgcgacagcttcagacctg",,"TGTGTGTGTG"
11,18,924,"gtgcgacagcttcagacctgCTTGGgcccaatacgcaaaccgcct","cgcatctttggctgtatttcCACACgtgcgacagcttcagacctg",,"CCAAGGTGTG"
11,10,525,"gtgcgacagcttcagacctgCCTAAgcccaatacgcaaaccgcct","cgcatctttggctgtatttcCACACgtgcgacagcttcagacctg",,"TTAGGGTGTG"
11,16,741,"gtgcgacagcttcagacctgTGTGAgcccaatacgcaaaccgcct","cgcatctttggctgtatttcCACACgtgcgacagcttcagacctg",,"TCACAGTGTG"
11,14,732,"gtgcgacagcttcagacctgTCGTAgcccaatacgcaaaccgcct","cgcatctttggctgtatttcCACACgtgcgacagcttcagacctg",,"TACGAGTGTG"
11,19,932,"gtgcgacagcttcagacctgGCAACgcccaatacgcaaaccgcct","cgcatctttggctgtatttcCACACgtgcgacagcttcagacctg",,"GTTGCGTGTG"
11,15,738,"gtgcgacagcttcagacctgATGGAgcccaatacgcaaaccgcct","cgcatctttggctgtatttcCACACgtgcgacagcttcagacctg",,"TCCATGTGTG"
11,13,727,"gtgcgacagcttcagacctgGGATAgcccaatacgcaaaccgcct","cgcatctttggctgtatttcCACACgtgcgacagcttcagacctg",,"TATCCGTGTG"
11,7,307,"gtgcgacagcttcagacctgACTGTgcccaatacgcaaaccgcct","cgcatctttggctgtatttcCACACgtgcgacagcttcagacctg",,"ACAGTGTGTG"
11,3,57,"gtgcgacagcttcagacctgGGTATgcccaatacgcaaaccgcct","cgcatctttggctgtatttcCACACgtgcgacagcttcagacctg",,"ATACCGTGTG"
11,2,52,"gtgcgacagcttcagacctgCGAAGgcccaatacgcaaaccgcct","cgcatctttggctgtatttcCACACgtgcgacagcttcagacctg",,"CTTCGGTGTG"
11,12,535,"gtgcgacagcttcagacctgCATCTgcccaatacgcaaaccgcct","cgcatctttggctgtatttcCACACgtgcgacagcttcagacctg",,"AGATGGTGTG"
11,4,60,"gtgcgacagcttcagacctgAGAGCgcccaatacgcaaaccgcct","cgcatctttggctgtatttcCACACgtgcgacagcttcagacctg",,"GCTCTGTGTG"
11,5,292,"gtgcgacagcttcagacctgAGCAAgcccaatacgcaaaccgcct","cgcatctttggctgtatttcCACACgtgcgacagcttcagacctg",,"TTGCTGTGTG"
12,11,546,"gtgcgacagcttcagacctgTAGGTgcccaatacgcaaaccgcct","cgcatctttggctgtatttcTGACTgtgcgacagcttcagacctg",,"ACCTAAGTCA"
12,7,347,"gtgcgacagcttcagacctgACTGTgcccaatacgcaaaccgcct","cgcatctttggctgtatttcTGACTgtgcgacagcttcagacctg",,"ACAGTAGTCA"
12,17,941,"gtgcgacagcttcagacctgCGTTCgcccaatacgcaaaccgcct","cgcatctttggctgtatttcTGACTgtgcgacagcttcagacctg",,"GAACGAGTCA"
12,10,543,"gtgcgacagcttcagacctgCCTAAgcccaatacgcaaaccgcct","cgcatctttggctgtatttcTGACTgtgcgacagcttcagacctg",,"TTAGGAGTCA"
12,9,539,"gtgcgacagcttcagacctgGACTTgcccaatacgcaaaccgcct","cgcatctttggctgtatttcTGACTgtgcgacagcttcagacctg",,"AAGTCAGTCA"
12,18,945,"gtgcgacagcttcagacctgCTTGGgcccaatacgcaaaccgcct","cgcatctttggctgtatttcTGACTgtgcgacagcttcagacctg",,"CCAAGAGTCA"
12,4,81,"gtgcgacagcttcagacctgAGAGCgcccaatacgcaaaccgcct","cgcatctttggctgtatttcTGACTgtgcgacagcttcagacctg",,"GCTCTAGTCA"
12,20,957,"gtgcgacagcttcagacctgACACAgcccaatacgcaaaccgcct","cgcatctttggctgtatttcTGACTgtgcgacagcttcagacctg",,"TGTGTAGTCA"
12,3,78,"gtgcgacagcttcagacctgGGTATgcccaatacgcaaaccgcct","cgcatctttggctgtatttcTGACTgtgcgacagcttcagacctg",,"ATACCAGTCA"
12,6,337,"gtgcgacagcttcagacctgGATGCgcccaatacgcaaaccgcct","cgcatctttggctgtatttcTGACTgtgcgacagcttcagacctg",,"GCATCAGTCA"
12,8,354,"gtgcgacagcttcagacctgAACGGgcccaatacgcaaaccgcct","cgcatctttggctgtatttcTGACTgtgcgacagcttcagacctg",,"CCGTTAGTCA"
12,1,64,"gtgcgacagcttcagacctgTCCATgcccaatacgcaaaccgcct","cgcatctttggctgtatttcTGACTgtgcgacagcttcagacctg",,"ATGGAAGTCA"
12,5,325,"gtgcgacagcttcagacctgAGCAAgcccaatacgcaaaccgcct","cgcatctttggctgtatttcTGACTgtgcgacagcttcagacctg",,"TTGCTAGTCA"
12,14,749,"gtgcgacagcttcagacctgTCGTAgcccaatacgcaaaccgcct","cgcatctttggctgtatttcTGACTgtgcgacagcttcagacctg",,"TACGAAGTCA"
12,16,760,"gtgcgacagcttcagacctgTGTGAgcccaatacgcaaaccgcct","cgcatctttggctgtatttcTGACTgtgcgacagcttcagacctg",,"TCACAAGTCA"
12,15,754,"gtgcgacagcttcagacctgATGGAgcccaatacgcaaaccgcct","cgcatctttggctgtatttcTGACTgtgcgacagcttcagacctg",,"TCCATAGTCA"
13,5,364,"gtgcgacagcttcagacctgAGCAAgcccaatacgcaaaccgcct","cgcatctttggctgtatttcTGGACgtgcgacagcttcagacctg",,"TTGCTGTCCA"
13,1,89,"gtgcgacagcttcagacctgTCCATgcccaatacgcaaaccgcct","cgcatctttggctgtatttcTGGACgtgcgacagcttcagacctg",,"ATGGAGTCCA"
13,8,392,"gtgcgacagcttcagacctgAACGGgcccaatacgcaaaccgcct","cgcatctttggctgtatttcTGGACgtgcgacagcttcagacctg",,"CCGTTGTCCA"
13,7,385,"gtgcgacagcttcagacctgACTGTgcccaatacgcaaaccgcct","cgcatctttggctgtatttcTGGACgtgcgacagcttcagacctg",,"ACAGTGTCCA"
13,15,784,"gtgcgacagcttcagacctgATGGAgcccaatacgcaaaccgcct","cgcatctttggctgtatttcTGGACgtgcgacagcttcagacctg",,"TCCATGTCCA"
13,19,980,"gtgcgacagcttcagacctgGCAACgcccaatacgcaaaccgcct","cgcatctttggctgtatttcTGGACgtgcgacagcttcagacctg",,"GTTGCGTCCA"
13,4,107,"gtgcgacagcttcagacctgAGAGCgcccaatacgcaaaccgcct","cgcatctttggctgtatttcTGGACgtgcgacagcttcagacctg",,"GCTCTGTCCA"
13,18,972,"gtgcgacagcttcagacctgCTTGGgcccaatacgcaaaccgcct","cgcatctttggctgtatttcTGGACgtgcgacagcttcagacctg",,"CCAAGGTCCA"
13,17,962,"gtgcgacagcttcagacctgCGTTCgcccaatacgcaaaccgcct","cgcatctttggctgtatttcTGGACgtgcgacagcttcagacctg",,"GAACGGTCCA"
13,9,564,"gtgcgacagcttcagacctgGACTTgcccaatacgcaaaccgcct","cgcatctttggctgtatttcTGGACgtgcgacagcttcagacctg",,"AAGTCGTCCA"
13,13,772,"gtgcgacagcttcagacctgGGATAgcccaatacgcaaaccgcct","cgcatctttggctgtatttcTGGACgtgcgacagcttcagacctg",,"TATCCGTCCA"
13,20,984,"gtgcgacagcttcagacctgACACAgcccaatacgcaaaccgcct","cgcatctttggctgtatttcTGGACgtgcgacagcttcagacctg",,"TGTGTGTCCA"
13,12,586,"gtgcgacagcttcagacctgCATCTgcccaatacgcaaaccgcct","cgcatctttggctgtatttcTGGACgtgcgacagcttcagacctg",,"AGATGGTCCA"
13,16,791,"gtgcgacagcttcagacctgTGTGAgcccaatacgcaaaccgcct","cgcatctttggctgtatttcTGGACgtgcgacagcttcagacctg",,"TCACAGTCCA"
13,3,99,"gtgcgacagcttcagacctgGGTATgcccaatacgcaaaccgcct","cgcatctttggctgtatttcTGGACgtgcgacagcttcagacctg",,"ATACCGTCCA"
13,11,578,"gtgcgacagcttcagacctgTAGGTgcccaatacgcaaaccgcct","cgcatctttggctgtatttcTGGACgtgcgacagcttcagacctg",,"ACCTAGTCCA"
14,5,400,"gtgcgacagcttcagacctgAGCAAgcccaatacgcaaaccgcct","cgcatctttggctgtatttcGTCAGgtgcgacagcttcagacctg",,"TTGCTCTGAC"
14,19,999,"gtgcgacagcttcagacctgGCAACgcccaatacgcaaaccgcct","cgcatctttggctgtatttcGTCAGgtgcgacagcttcagacctg",,"GTTGCCTGAC"
14,16,809,"gtgcgacagcttcagacctgTGTGAgcccaatacgcaaaccgcct","cgcatctttggctgtatttcGTCAGgtgcgacagcttcagacctg",,"TCACACTGAC"
14,7,411,"gtgcgacagcttcagacctgACTGTgcccaatacgcaaaccgcct","cgcatctttggctgtatttcGTCAGgtgcgacagcttcagacctg",,"ACAGTCTGAC"
14,14,801,"gtgcgacagcttcagacctgTCGTAgcccaatacgcaaaccgcct","cgcatctttggctgtatttcGTCAGgtgcgacagcttcagacctg",,"TACGACTGAC"
14,6,406,"gtgcgacagcttcagacctgGATGCgcccaatacgcaaaccgcct","cgcatctttggctgtatttcGTCAGgtgcgacagcttcagacctg",,"GCATCCTGAC"
14,1,119,"gtgcgacagcttcagacctgTCCATgcccaatacgcaaaccgcct","cgcatctttggctgtatttcGTCAGgtgcgacagcttcagacctg",,"ATGGACTGAC"
14,15,805,"gtgcgacagcttcagacctgATGGAgcccaatacgcaaaccgcct","cgcatctttggctgtatttcGTCAGgtgcgacagcttcagacctg",,"TCCATCTGAC"
14,12,622,"gtgcgacagcttcagacctgCATCTgcccaatacgcaaaccgcct","cgcatctttggctgtatttcGTCAGgtgcgacagcttcagacctg",,"AGATGCTGAC"
14,9,590,"gtgcgacagcttcagacctgGACTTgcccaatacgcaaaccgcct","cgcatctttggctgtatttcGTCAGgtgcgacagcttcagacctg",,"AAGTCCTGAC"
14,8,419,"gtgcgacagcttcagacctgAACGGgcccaatacgcaaaccgcct","cgcatctttggctgtatttcGTCAGgtgcgacagcttcagacctg",,"CCGTTCTGAC"
14,17,991,"gtgcgacagcttcagacctgCGTTCgcccaatacgcaaaccgcct","cgcatctttggctgtatttcGTCAGgtgcgacagcttcagacctg",,"GAACGCTGAC"
14,3,136,"gtgcgacagcttcagacctgGGTATgcccaatacgcaaaccgcct","cgcatctttggctgtatttcGTCAGgtgcgacagcttcagacctg",,"ATACCCTGAC"
14,18,996,"gtgcgacagcttcagacctgCTTGGgcccaatacgcaaaccgcct","cgcatctttggctgtatttcGTCAGgtgcgacagcttcagacctg",,"CCAAGCTGAC"
14,2,128,"gtgcgacagcttcagacctgCGAAGgcccaatacgcaaaccgcct","cgcatctttggctgtatttcGTCAGgtgcgacagcttcagacctg",,"CTTCGCTGAC"
14,10,599,"gtgcgacagcttcagacctgCCTAAgcccaatacgcaaaccgcct","cgcatctttggctgtatttcGTCAGgtgcgacagcttcagacctg",,"TTAGGCTGAC"
14,13,797,"gtgcgacagcttcagacctgGGATAgcccaatacgcaaaccgcct","cgcatctttggctgtatttcGTCAGgtgcgacagcttcagacctg",,"TATCCCTGAC"
15,9,632,"gtgcgacagcttcagacctgGACTTgcccaatacgcaaaccgcct","cgcatctttggctgtatttcCAAGAgtgcgacagcttcagacctg",,"AAGTCTCTTG"
15,16,838,"gtgcgacagcttcagacctgTGTGAgcccaatacgcaaaccgcct","cgcatctttggctgtatttcCAAGAgtgcgacagcttcagacctg",,"TCACATCTTG"
15,14,823,"gtgcgacagcttcagacctgTCGTAgcccaatacgcaaaccgcct","cgcatctttggctgtatttcCAAGAgtgcgacagcttcagacctg",,"TACGATCTTG"
15,12,649,"gtgcgacagcttcagacctgCATCTgcccaatacgcaaaccgcct","cgcatctttggctgtatttcCAAGAgtgcgacagcttcagacctg",,"AGATGTCTTG"
15,4,185,"gtgcgacagcttcagacctgAGAGCgcccaatacgcaaaccgcct","cgcatctttggctgtatttcCAAGAgtgcgacagcttcagacctg",,"GCTCTTCTTG"
15,10,639,"gtgcgacagcttcagacctgCCTAAgcccaatacgcaaaccgcct","cgcatctttggctgtatttcCAAGAgtgcgacagcttcagacctg",,"TTAGGTCTTG"
15,8,442,"gtgcgacagcttcagacctgAACGGgcccaatacgcaaaccgcct","cgcatctttggctgtatttcCAAGAgtgcgacagcttcagacctg",,"CCGTTTCTTG"
15,3,171,"gtgcgacagcttcagacctgGGTATgcccaatacgcaaaccgcct","cgcatctttggctgtatttcCAAGAgtgcgacagcttcagacctg",,"ATACCTCTTG"
15,19,1035,"gtgcgacagcttcagacctgGCAACgcccaatacgcaaaccgcct","cgcatctttggctgtatttcCAAGAgtgcgacagcttcagacctg",,"GTTGCTCTTG"
15,1,146,"gtgcgacagcttcagacctgTCCATgcccaatacgcaaaccgcct","cgcatctttggctgtatttcCAAGAgtgcgacagcttcagacctg",,"ATGGATCTTG"
15,7,437,"gtgcgacagcttcagacctgACTGTgcccaatacgcaaaccgcct","cgcatctttggctgtatttcCAAGAgtgcgacagcttcagacctg",,"ACAGTTCTTG"
15,17,1018,"gtgcgacagcttcagacctgCGTTCgcccaatacgcaaaccgcct","cgcatctttggctgtatttcCAAGAgtgcgacagcttcagacctg",,"GAACGTCTTG"
15,13,813,"gtgcgacagcttcagacctgGGATAgcccaatacgcaaaccgcct","cgcatctttggctgtatttcCAAGAgtgcgacagcttcagacctg",,"TATCCTCTTG"
15,20,1040,"gtgcgacagcttcagacctgACACAgcccaatacgcaaaccgcct","cgcatctttggctgtatttcCAAGAgtgcgacagcttcagacctg",,"TGTGTTCTTG"
15,6,433,"gtgcgacagcttcagacctgGATGCgcccaatacgcaaaccgcct","cgcatctttggctgtatttcCAAGAgtgcgacagcttcagacctg",,"GCATCTCTTG"
15,15,833,"gtgcgacagcttcagacctgATGGAgcccaatacgcaaaccgcct","cgcatctttggctgtatttcCAAGAgtgcgacagcttcagacctg",,"TCCATTCTTG"
15,11,642,"gtgcgacagcttcagacctgTAGGTgcccaatacgcaaaccgcct","cgcatctttggctgtatttcCAAGAgtgcgacagcttcagacctg",,"ACCTATCTTG"
15,18,1025,"gtgcgacagcttcagacctgCTTGGgcccaatacgcaaaccgcct","cgcatctttggctgtatttcCAAGAgtgcgacagcttcagacctg",,"CCAAGTCTTG"
15,5,426,"gtgcgacagcttcagacctgAGCAAgcccaatacgcaaaccgcct","cgcatctttggctgtatttcCAAGAgtgcgacagcttcagacctg",,"TTGCTTCTTG"
16,19,1069,"gtgcgacagcttcagacctgGCAACgcccaatacgcaaaccgcct","cgcatctttggctgtatttcAGTCGgtgcgacagcttcagacctg",,"GTTGCCGACT"
16,11,667,"gtgcgacagcttcagacctgTAGGTgcccaatacgcaaaccgcct","cgcatctttggctgtatttcAGTCGgtgcgacagcttcagacctg",,"ACCTACGACT"
16,8,468,"gtgcgacagcttcagacctgAACGGgcccaatacgcaaaccgcct","cgcatctttggctgtatttcAGTCGgtgcgacagcttcagacctg",,"CCGTTCGACT"
16,9,653,"gtgcgacagcttcagacctgGACTTgcccaatacgcaaaccgcct","cgcatctttggctgtatttcAGTCGgtgcgacagcttcagacctg",,"AAGTCCGACT"
16,10,660,"gtgcgacagcttcagacctgCCTAAgcccaatacgcaaaccgcct","cgcatctttggctgtatttcAGTCGgtgcgacagcttcagacctg",,"TTAGGCGACT"
16,13,842,"gtgcgacagcttcagacctgGGATAgcccaatacgcaaaccgcct","cgcatctttggctgtatttcAGTCGgtgcgacagcttcagacctg",,"TATCCCGACT"
16,15,857,"gtgcgacagcttcagacctgATGGAgcccaatacgcaaaccgcct","cgcatctttggctgtatttcAGTCGgtgcgacagcttcagacctg",,"TCCATCGACT"
16,16,860,"gtgcgacagcttcagacctgTGTGAgcccaatacgcaaaccgcct","cgcatctttggctgtatttcAGTCGgtgcgacagcttcagacctg",,"TCACACGACT"
16,3,209,"gtgcgacagcttcagacctgGGTATgcccaatacgcaaaccgcct","cgcatctttggctgtatttcAGTCGgtgcgacagcttcagacctg",,"ATACCCGACT"
16,14,850,"gtgcgacagcttcagacctgTCGTAgcccaatacgcaaaccgcct","cgcatctttggctgtatttcAGTCGgtgcgacagcttcagacctg",,"TACGACGACT"
16,5,450,"gtgcgacagcttcagacctgAGCAAgcccaatacgcaaaccgcct","cgcatctttggctgtatttcAGTCGgtgcgacagcttcagacctg",,"TTGCTCGACT"
16,6,458,"gtgcgacagcttcagacctgGATGCgcccaatacgcaaaccgcct","cgcatctttggctgtatttcAGTCGgtgcgacagcttcagacctg",,"GCATCCGACT"
16,1,192,"gtgcgacagcttcagacctgTCCATgcccaatacgcaaaccgcct","cgcatctttggctgtatttcAGTCGgtgcgacagcttcagacctg",,"ATGGACGACT"
17,5,240,"gtgcgacagcttcagacctgAGCAAgcccaatacgcaaaccgcct","cgcatctttggctgtatttcTACCAgtgcgacagcttcagacctg",,"TTGCTTGGTA"
17,19,879,"gtgcgacagcttcagacctgGCAACgcccaatacgcaaaccgcct","cgcatctttggctgtatttcTACCAgtgcgacagcttcagacctg",,"GTTGCTGGTA"
17,17,869,"gtgcgacagcttcagacctgCGTTCgcccaatacgcaaaccgcct","cgcatctttggctgtatttcTACCAgtgcgacagcttcagacctg",,"GAACGTGGTA"
17,20,887,"gtgcgacagcttcagacctgACACAgcccaatacgcaaaccgcct","cgcatctttggctgtatttcTACCAgtgcgacagcttcagacctg",,"TGTGTTGGTA"
17,9,476,"gtgcgacagcttcagacctgGACTTgcccaatacgcaaaccgcct","cgcatctttggctgtatttcTACCAgtgcgacagcttcagacctg",,"AAGTCTGGTA"
17,4,22,"gtgcgacagcttcagacctgAGAGCgcccaatacgcaaaccgcct","cgcatctttggctgtatttcTACCAgtgcgacagcttcagacctg",,"GCTCTTGGTA"
17,13,677,"gtgcgacagcttcagacctgGGATAgcccaatacgcaaaccgcct","cgcatctttggctgtatttcTACCAgtgcgacagcttcagacctg",,"TATCCTGGTA"
17,8,258,"gtgcgacagcttcagacctgAACGGgcccaatacgcaaaccgcct","cgcatctttggctgtatttcTACCAgtgcgacagcttcagacctg",,"CCGTTTGGTA"
17,15,692,"gtgcgacagcttcagacctgATGGAgcccaatacgcaaaccgcct","cgcatctttggctgtatttcTACCAgtgcgacagcttcagacctg",,"TCCATTGGTA"
17,6,248,"gtgcgacagcttcagacctgGATGCgcccaatacgcaaaccgcct","cgcatctttggctgtatttcTACCAgtgcgacagcttcagacctg",,"GCATCTGGTA"
17,7,253,"gtgcgacagcttcagacctgACTGTgcccaatacgcaaaccgcct","cgcatctttggctgtatttcTACCAgtgcgacagcttcagacctg",,"ACAGTTGGTA"
17,1,7,"gtgcgacagcttcagacctgTCCATgcccaatacgcaaaccgcct","cgcatctttggctgtatttcTACCAgtgcgacagcttcagacctg",,"ATGGATGGTA"
17,16,697,"gtgcgacagcttcagacctgTGTGAgcccaatacgcaaaccgcct","cgcatctttggctgtatttcTACCAgtgcgacagcttcagacctg",,"TCACATGGTA"
18,14,709,"gtgcgacagcttcagacctgTCGTAgcccaatacgcaaaccgcct","cgcatctttggctgtatttcAAGCCgtgcgacagcttcagacctg",,"TACGAGGCTT"
18,6,271,"gtgcgacagcttcagacctgGATGCgcccaatacgcaaaccgcct","cgcatctttggctgtatttcAAGCCgtgcgacagcttcagacctg",,"GCATCGGCTT"
18,2,32,"gtgcgacagcttcagacctgCGAAGgcccaatacgcaaaccgcct","cgcatctttggctgtatttcAAGCCgtgcgacagcttcagacctg",,"CTTCGGGCTT"
18,12,520,"gtgcgacagcttcagacctgCATCTgcccaatacgcaaaccgcct","cgcatctttggctgtatttcAAGCCgtgcgacagcttcagacctg",,"AGATGGGCTT"
18,4,44,"gtgcgacagcttcagacctgAGAGCgcccaatacgcaaaccgcct","cgcatctttggctgtatttcAAGCCgtgcgacagcttcagacctg",,"GCTCTGGCTT"
18,15,715,"gtgcgacagcttcagacctgATGGAgcccaatacgcaaaccgcct","cgcatctttggctgtatttcAAGCCgtgcgacagcttcagacctg",,"TCCATGGCTT"
18,11,508,"gtgcgacagcttcagacctgTAGGTgcccaatacgcaaaccgcct","cgcatctttggctgtatttcAAGCCgtgcgacagcttcagacctg",,"ACCTAGGCTT"
18,20,917,"gtgcgacagcttcagacctgACACAgcccaatacgcaaaccgcct","cgcatctttggctgtatttcAAGCCgtgcgacagcttcagacctg",,"TGTGTGGCTT"
18,16,724,"gtgcgacagcttcagacctgTGTGAgcccaatacgcaaaccgcct","cgcatctttggctgtatttcAAGCCgtgcgacagcttcagacctg",,"TCACAGGCTT"
18,3,36,"gtgcgacagcttcagacctgGGTATgcccaatacgcaaaccgcct","cgcatctttggctgtatttcAAGCCgtgcgacagcttcagacctg",,"ATACCGGCTT"
18,10,503,"gtgcgacagcttcagacctgCCTAAgcccaatacgcaaaccgcct","cgcatctttggctgtatttcAAGCCgtgcgacagcttcagacctg",,"TTAGGGGCTT"
18,8,289,"gtgcgacagcttcagacctgAACGGgcccaatacgcaaaccgcct","cgcatctttggctgtatttcAAGCCgtgcgacagcttcagacctg",,"CCGTTGGCTT"
18,1,29,"gtgcgacagcttcagacctgTCCATgcccaatacgcaaaccgcct","cgcatctttggctgtatttcAAGCCgtgcgacagcttcagacctg",,"ATGGAGGCTT"
18,13,702,"gtgcgacagcttcagacctgGGATAgcccaatacgcaaaccgcct","cgcatctttggctgtatttcAAGCCgtgcgacagcttcagacctg",,"TATCCGGCTT"
18,19,911,"gtgcgacagcttcagacctgGCAACgcccaatacgcaaaccgcct","cgcatctttggctgtatttcAAGCCgtgcgacagcttcagacctg",,"GTTGCGGCTT"
19,16,742,"gtgcgacagcttcagacctgTGTGAgcccaatacgcaaaccgcct","cgcatctttggctgtatttcCAGTGgtgcgacagcttcagacctg",,"TCACACACTG"
19,8,320,"gtgcgacagcttcagacctgAACGGgcccaatacgcaaaccgcct","cgcatctttggctgtatttcCAGTGgtgcgacagcttcagacctg",,"CCGTTCACTG"
19,14,734,"gtgcgacagcttcagacctgTCGTAgcccaatacgcaaaccgcct","cgcatctttggctgtatttcCAGTGgtgcgacagcttcagacctg",,"TACGACACTG"
19,11,532,"gtgcgacagcttcagacctgTAGGTgcccaatacgcaaaccgcct","cgcatctttggctgtatttcCAGTGgtgcgacagcttcagacctg",,"ACCTACACTG"
19,3,58,"gtgcgacagcttcagacctgGGTATgcccaatacgcaaaccgcct","cgcatctttggctgtatttcCAGTGgtgcgacagcttcagacctg",,"ATACCCACTG"
19,20,937,"gtgcgacagcttcagacctgACACAgcccaatacgcaaaccgcct","cgcatctttggctgtatttcCAGTGgtgcgacagcttcagacctg",,"TGTGTCACTG"
19,13,729,"gtgcgacagcttcagacctgGGATAgcccaatacgcaaaccgcct","cgcatctttggctgtatttcCAGTGgtgcgacagcttcagacctg",,"TATCCCACTG"
19,5,294,"gtgcgacagcttcagacctgAGCAAgcccaatacgcaaaccgcct","cgcatctttggctgtatttcCAGTGgtgcgacagcttcagacctg",,"TTGCTCACTG"
19,7,308,"gtgcgacagcttcagacctgACTGTgcccaatacgcaaaccgcct","cgcatctttggctgtatttcCAGTGgtgcgacagcttcagacctg",,"ACAGTCACTG"
19,15,739,"gtgcgacagcttcagacctgATGGAgcccaatacgcaaaccgcct","cgcatctttggctgtatttcCAGTGgtgcgacagcttcagacctg",,"TCCATCACTG"
19,6,299,"gtgcgacagcttcagacctgGATGCgcccaatacgcaaaccgcct","cgcatctttggctgtatttcCAGTGgtgcgacagcttcagacctg",,"GCATCCACTG"
19,19,933,"gtgcgacagcttcagacctgGCAACgcccaatacgcaaaccgcct","cgcatctttggctgtatttcCAGTGgtgcgacagcttcagacctg",,"GTTGCCACTG"
19,4,61,"gtgcgacagcttcagacctgAGAGCgcccaatacgcaaaccgcct","cgcatctttggctgtatttcCAGTGgtgcgacagcttcagacctg",,"GCTCTCACTG"
19,1,50,"gtgcgacagcttcagacctgTCCATgcccaatacgcaaaccgcct","cgcatctttggctgtatttcCAGTGgtgcgacagcttcagacctg",,"ATGGACACTG"
19,18,930,"gtgcgacagcttcagacctgCTTGGgcccaatacgcaaaccgcct","cgcatctttggctgtatttcCAGTGgtgcgacagcttcagacctg",,"CCAAGCACTG"
19,9,523,"gtgcgacagcttcagacctgGACTTgcccaatacgcaaaccgcct","cgcatctttggctgtatttcCAGTGgtgcgacagcttcagacctg",,"AAGTCCACTG"
20,8,358,"gtgcgacagcttcagacctgAACGGgcccaatacgcaaaccgcct","cgcatctttggctgtatttcCCATTgtgcgacagcttcagacctg",,"CCGTTAATGG"
20,20,959,"gtgcgacagcttcagacctgACACAgcccaatacgcaaaccgcct","cgcatctttggctgtatttcCCATTgtgcgacagcttcagacctg",,"TGTGTAATGG"
20,17,942,"gtgcgacagcttcagacctgCGTTCgcccaatacgcaaaccgcct","cgcatctttggctgtatttcCCATTgtgcgacagcttcagacctg",,"GAACGAATGG"
20,5,335,"gtgcgacagcttcagacctgAGCAAgcccaatacgcaaaccgcct","cgcatctttggctgtatttcCCATTgtgcgacagcttcagacctg",,"TTGCTAATGG"
20,9,540,"gtgcgacagcttcagacctgGACTTgcccaatacgcaaaccgcct","cgcatctttggctgtatttcCCATTgtgcgacagcttcagacctg",,"AAGTCAATGG"
20,6,339,"gtgcgacagcttcagacctgGATGCgcccaatacgcaaaccgcct","cgcatctttggctgtatttcCCATTgtgcgacagcttcagacctg",,"GCATCAATGG"
20,12,557,"gtgcgacagcttcagacctgCATCTgcccaatacgcaaaccgcct","cgcatctttggctgtatttcCCATTgtgcgacagcttcagacctg",,"AGATGAATGG"
20,1,65,"gtgcgacagcttcagacctgTCCATgcccaatacgcaaaccgcct","cgcatctttggctgtatttcCCATTgtgcgacagcttcagacctg",,"ATGGAAATGG"
20,3,79,"gtgcgacagcttcagacctgGGTATgcccaatacgcaaaccgcct","cgcatctttggctgtatttcCCATTgtgcgacagcttcagacctg",,"ATACCAATGG"
20,7,348,"gtgcgacagcttcagacctgACTGTgcccaatacgcaaaccgcct","cgcatctttggctgtatttcCCATTgtgcgacagcttcagacctg",,"ACAGTAATGG"
20,18,946,"gtgcgacagcttcagacctgCTTGGgcccaatacgcaaaccgcct","cgcatctttggctgtatttcCCATTgtgcgacagcttcagacctg",,"CCAAGAATGG"
20,19,953,"gtgcgacagcttcagacctgGCAACgcccaatacgcaaaccgcct","cgcatctttggctgtatttcCCATTgtgcgacagcttcagacctg",,"GTTGCAATGG"
20,15,755,"gtgcgacagcttcagacctgATGGAgcccaatacgcaaaccgcct","cgcatctttggctgtatttcCCATTgtgcgacagcttcagacctg",,"TCCATAATGG"
21,20,985,"gtgcgacagcttcagacctgACACAgcccaatacgcaaaccgcct","cgcatctttggctgtatttcGTAGTgtgcgacagcttcagacctg",,"TGTGTACTAC"
21,17,966,"gtgcgacagcttcagacctgCGTTCgcccaatacgcaaaccgcct","cgcatctttggctgtatttcGTAGTgtgcgacagcttcagacctg",,"GAACGACTAC"
21,18,973,"gtgcgacagcttcagacctgCTTGGgcccaatacgcaaaccgcct","cgcatctttggctgtatttcGTAGTgtgcgacagcttcagacctg",,"CCAAGACTAC"
21,12,588,"gtgcgacagcttcagacctgCATCTgcccaatacgcaaaccgcct","cgcatctttggctgtatttcGTAGTgtgcgacagcttcagacctg",,"AGATGACTAC"
21,8,397,"gtgcgacagcttcagacctgAACGGgcccaatacgcaaaccgcct","cgcatctttggctgtatttcGTAGTgtgcgacagcttcagacctg",,"CCGTTACTAC"
21,10,574,"gtgcgacagcttcagacctgCCTAAgcccaatacgcaaaccgcct","cgcatctttggctgtatttcGTAGTgtgcgacagcttcagacctg",,"TTAGGACTAC"
21,6,375,"gtgcgacagcttcagacctgGATGCgcccaatacgcaaaccgcct","cgcatctttggctgtatttcGTAGTgtgcgacagcttcagacctg",,"GCATCACTAC"
21,16,795,"gtgcgacagcttcagacctgTGTGAgcccaatacgcaaaccgcct","cgcatctttggctgtatttcGTAGTgtgcgacagcttcagacctg",,"TCACAACTAC"
21,1,91,"gtgcgacagcttcagacctgTCCATgcccaatacgcaaaccgcct","cgcatctttggctgtatttcGTAGTgtgcgacagcttcagacctg",,"ATGGAACTAC"
21,11,581,"gtgcgacagcttcagacctgTAGGTgcccaatacgcaaaccgcct","cgcatctttggctgtatttcGTAGTgtgcgacagcttcagacctg",,"ACCTAACTAC"
21,2,94,"gtgcgacagcttcagacctgCGAAGgcccaatacgcaaaccgcct","cgcatctttggctgtatttcGTAGTgtgcgacagcttcagacctg",,"CTTCGACTAC"
21,9,567,"gtgcgacagcttcagacctgGACTTgcccaatacgcaaaccgcct","cgcatctttggctgtatttcGTAGTgtgcgacagcttcagacctg",,"AAGTCACTAC"
21,13,775,"gtgcgacagcttcagacctgGGATAgcccaatacgcaaaccgcct","cgcatctttggctgtatttcGTAGTgtgcgacagcttcagacctg",,"TATCCACTAC"
21,15,789,"gtgcgacagcttcagacctgATGGAgcccaatacgcaaaccgcct","cgcatctttggctgtatttcGTAGTgtgcgacagcttcagacctg",,"TCCATACTAC"
21,14,782,"gtgcgacagcttcagacctgTCGTAgcccaatacgcaaaccgcct","cgcatctttggctgtatttcGTAGTgtgcgacagcttcagacctg",,"TACGAACTAC"
22,10,607,"gtgcgacagcttcagacctgCCTAAgcccaatacgcaaaccgcct","cgcatctttggctgtatttcCTACCgtgcgacagcttcagacctg",,"TTAGGGGTAG"
22,8,420,"gtgcgacagcttcagacctgAACGGgcccaatacgcaaaccgcct","cgcatctttggctgtatttcCTACCgtgcgacagcttcagacctg",,"CCGTTGGTAG"
22,6,408,"gtgcgacagcttcagacctgGATGCgcccaatacgcaaaccgcct","cgcatctttggctgtatttcCTACCgtgcgacagcttcagacctg",,"GCATCGGTAG"
22,17,992,"gtgcgacagcttcagacctgCGTTCgcccaatacgcaaaccgcct","cgcatctttggctgtatttcCTACCgtgcgacagcttcagacctg",,"GAACGGGTAG"
22,2,132,"gtgcgacagcttcagacctgCGAAGgcccaatacgcaaaccgcct","cgcatctttggctgtatttcCTACCgtgcgacagcttcagacctg",,"CTTCGGGTAG"
22,9,596,"gtgcgacagcttcagacctgGACTTgcccaatacgcaaaccgcct","cgcatctttggctgtatttcCTACCgtgcgacagcttcagacctg",,"AAGTCGGTAG"
22,7,412,"gtgcgacagcttcagacctgACTGTgcccaatacgcaaaccgcct","cgcatctttggctgtatttcCTACCgtgcgacagcttcagacctg",,"ACAGTGGTAG"
22,13,798,"gtgcgacagcttcagacctgGGATAgcccaatacgcaaaccgcct","cgcatctttggctgtatttcCTACCgtgcgacagcttcagacctg",,"TATCCGGTAG"
22,11,616,"gtgcgacagcttcagacctgTAGGTgcccaatacgcaaaccgcct","cgcatctttggctgtatttcCTACCgtgcgacagcttcagacctg",,"ACCTAGGTAG"
22,20,1013,"gtgcgacagcttcagacctgACACAgcccaatacgcaaaccgcct","cgcatctttggctgtatttcCTACCgtgcgacagcttcagacctg",,"TGTGTGGTAG"
22,14,803,"gtgcgacagcttcagacctgTCGTAgcccaatacgcaaaccgcct","cgcatctttggctgtatttcCTACCgtgcgacagcttcagacctg",,"TACGAGGTAG"
22,12,627,"gtgcgacagcttcagacctgCATCTgcccaatacgcaaaccgcct","cgcatctttggctgtatttcCTACCgtgcgacagcttcagacctg",,"AGATGGGTAG"
22,15,807,"gtgcgacagcttcagacctgATGGAgcccaatacgcaaaccgcct","cgcatctttggctgtatttcCTACCgtgcgacagcttcagacctg",,"TCCATGGTAG"
22,16,811,"gtgcgacagcttcagacctgTGTGAgcccaatacgcaaaccgcct","cgcatctttggctgtatttcCTACCgtgcgacagcttcagacctg",,"TCACAGGTAG"
22,19,1005,"gtgcgacagcttcagacctgGCAACgcccaatacgcaaaccgcct","cgcatctttggctgtatttcCTACCgtgcgacagcttcagacctg",,"GTTGCGGTAG"
23,18,1027,"gtgcgacagcttcagacctgCTTGGgcccaatacgcaaaccgcct","cgcatctttggctgtatttcCTCTAgtgcgacagcttcagacctg",,"CCAAGTAGAG"
23,4,187,"gtgcgacagcttcagacctgAGAGCgcccaatacgcaaaccgcct","cgcatctttggctgtatttcCTCTAgtgcgacagcttcagacctg",,"GCTCTTAGAG"
23,6,434,"gtgcgacagcttcagacctgGATGCgcccaatacgcaaaccgcct","cgcatctttggctgtatttcCTCTAgtgcgacagcttcagacctg",,"GCATCTAGAG"
23,5,431,"gtgcgacagcttcagacctgAGCAAgcccaatacgcaaaccgcct","cgcatctttggctgtatttcCTCTAgtgcgacagcttcagacctg",,"TTGCTTAGAG"
23,11,643,"gtgcgacagcttcagacctgTAGGTgcccaatacgcaaaccgcct","cgcatctttggctgtatttcCTCTAgtgcgacagcttcagacctg",,"ACCTATAGAG"
23,7,438,"gtgcgacagcttcagacctgACTGTgcccaatacgcaaaccgcct","cgcatctttggctgtatttcCTCTAgtgcgacagcttcagacctg",,"ACAGTTAGAG"
23,12,651,"gtgcgacagcttcagacctgCATCTgcccaatacgcaaaccgcct","cgcatctttggctgtatttcCTCTAgtgcgacagcttcagacctg",,"AGATGTAGAG"
23,10,640,"gtgcgacagcttcagacctgCCTAAgcccaatacgcaaaccgcct","cgcatctttggctgtatttcCTCTAgtgcgacagcttcagacctg",,"TTAGGTAGAG"
23,16,839,"gtgcgacagcttcagacctgTGTGAgcccaatacgcaaaccgcct","cgcatctttggctgtatttcCTCTAgtgcgacagcttcagacctg",,"TCACATAGAG"
23,17,1020,"gtgcgacagcttcagacctgCGTTCgcccaatacgcaaaccgcct","cgcatctttggctgtatttcCTCTAgtgcgacagcttcagacctg",,"GAACGTAGAG"
23,15,835,"gtgcgacagcttcagacctgATGGAgcccaatacgcaaaccgcct","cgcatctttggctgtatttcCTCTAgtgcgacagcttcagacctg",,"TCCATTAGAG"
23,3,175,"gtgcgacagcttcagacctgGGTATgcccaatacgcaaaccgcct","cgcatctttggctgtatttcCTCTAgtgcgacagcttcagacctg",,"ATACCTAGAG"
23,13,819,"gtgcgacagcttcagacctgGGATAgcccaatacgcaaaccgcct","cgcatctttggctgtatttcCTCTAgtgcgacagcttcagacctg",,"TATCCTAGAG"
23,9,636,"gtgcgacagcttcagacctgGACTTgcccaatacgcaaaccgcct","cgcatctttggctgtatttcCTCTAgtgcgacagcttcagacctg",,"AAGTCTAGAG"
23,8,444,"gtgcgacagcttcagacctgAACGGgcccaatacgcaaaccgcct","cgcatctttggctgtatttcCTCTAgtgcgacagcttcagacctg",,"CCGTTTAGAG"
23,1,151,"gtgcgacagcttcagacctgTCCATgcccaatacgcaaaccgcct","cgcatctttggctgtatttcCTCTAgtgcgacagcttcagacctg",,"ATGGATAGAG"
24,4,226,"gtgcgacagcttcagacctgAGAGCgcccaatacgcaaaccgcct","cgcatctttggctgtatttcGTGTCgtgcgacagcttcagacctg",,"GCTCTGACAC"
24,17,1050,"gtgcgacagcttcagacctgCGTTCgcccaatacgcaaaccgcct","cgcatctttggctgtatttcGTGTCgtgcgacagcttcagacctg",,"GAACGGACAC"
24,5,452,"gtgcgacagcttcagacctgAGCAAgcccaatacgcaaaccgcct","cgcatctttggctgtatttcGTGTCgtgcgacagcttcagacctg",,"TTGCTGACAC"
24,7,466,"gtgcgacagcttcagacctgACTGTgcccaatacgcaaaccgcct","cgcatctttggctgtatttcGTGTCgtgcgacagcttcagacctg",,"ACAGTGACAC"
24,3,210,"gtgcgacagcttcagacctgGGTATgcccaatacgcaaaccgcct","cgcatctttggctgtatttcGTGTCgtgcgacagcttcagacctg",,"ATACCGACAC"
24,11,668,"gtgcgacagcttcagacctgTAGGTgcccaatacgcaaaccgcct","cgcatctttggctgtatttcGTGTCgtgcgacagcttcagacctg",,"ACCTAGACAC"
24,14,853,"gtgcgacagcttcagacctgTCGTAgcccaatacgcaaaccgcct","cgcatctttggctgtatttcGTGTCgtgcgacagcttcagacctg",,"TACGAGACAC"
24,12,673,"gtgcgacagcttcagacctgCATCTgcccaatacgcaaaccgcct","cgcatctttggctgtatttcGTGTCgtgcgacagcttcagacctg",,"AGATGGACAC"
24,8,470,"gtgcgacagcttcagacctgAACGGgcccaatacgcaaaccgcct","cgcatctttggctgtatttcGTGTCgtgcgacagcttcagacctg",,"CCGTTGACAC"
24,9,657,"gtgcgacagcttcagacctgGACTTgcccaatacgcaaaccgcct","cgcatctttggctgtatttcGTGTCgtgcgacagcttcagacctg",,"AAGTCGACAC"
24,13,843,"gtgcgacagcttcagacctgGGATAgcccaatacgcaaaccgcct","cgcatctttggctgtatttcGTGTCgtgcgacagcttcagacctg",,"TATCCGACAC"
24,6,459,"gtgcgacagcttcagacctgGATGCgcccaatacgcaaaccgcct","cgcatctttggctgtatttcGTGTCgtgcgacagcttcagacctg",,"GCATCGACAC"
24,16,862,"gtgcgacagcttcagacctgTGTGAgcccaatacgcaaaccgcct","cgcatctttggctgtatttcGTGTCgtgcgacagcttcagacctg",,"TCACAGACAC"
1,2,"599_ref1","gtgcgacagcttcagacctgCGAAGgcccaatacgcaaaccgcct","cgcatctttggctgtatttcACCTCgtgcgacagcttcagacctg","Ref","CTTCGGAGGT"
1,6,"599_ref2","gtgcgacagcttcagacctgGATGCgcccaatacgcaaaccgcct","cgcatctttggctgtatttcACCTCgtgcgacagcttcagacctg","Ref","GCATCGAGGT"
1,10,"43_ref1","gtgcgacagcttcagacctgCCTAAgcccaatacgcaaaccgcct","cgcatctttggctgtatttcACCTCgtgcgacagcttcagacctg","Ref","TTAGGGAGGT"
1,12,"43_ref2","gtgcgacagcttcagacctgCATCTgcccaatacgcaaaccgcct","cgcatctttggctgtatttcACCTCgtgcgacagcttcagacctg","Ref","AGATGGAGGT"
