locus_id,name,sgd_id,genome_annotations,chrom,start,end,description,genome_version
YNCA0001W,HRA1,SGDID:S000119380,ncRNA_gene,CHR_1,99305,99868,"""Non-protein-coding RNA; substrate of RNase P ; possibly involved in rRNA processing ; specifically maturation of 20S precursor into the mature 18S rRNA""",Genome Release 64-3-1
YNCA0002W,TRN1,SGDID:S000006680,tRNA_gene,CHR_1,139152,139187,"""Proline tRNA (tRNA-Pro) ; predicted by tRNAscan-SE analysis; target of K. lactis zymocin; can mutate to suppress +1 frameshift mutations in proline codons""",Genome Release 64-3-1
YNCA0003W,SNR18,SGDID:S000007500,snoRNA_gene,CHR_1,142367,142468,"""C/D box small nucleolar RNA (snoRNA); commonly referred to as U18; guides 2'-O-methylation of large subunit (LSU) rRNA at positions A649 and C650""",Genome Release 64-3-1
YNCA0004W,TGA1,SGDID:S000006521,tRNA_gene,CHR_1,166267,166339,"""Alanine tRNA (tRNA-Ala) ; predicted by tRNAscan-SE analysis; one of 5 nuclear tRNA genes containing the tDNA-anticodon TGC (mature tRNA may be UGC or may contain modified bases) ; decodes GCA and probably GCG codons into alanine ; one of 16 nuclear tRNAs for alanine""",Genome Release 64-3-1
YNCA0005W,SUP56,SGDID:S000006636,tRNA_gene,CHR_1,181141,181178,"""Leucine tRNA (tRNA-Leu) ; predicted by tRNAscan-SE analysis; can mutate to suppress amber nonsense mutations""",Genome Release 64-3-1
YNCA0006C,YNCA0006C,SGDID:S000006719,tRNA_gene,CHR_1,182522,182603,"tRNA_gene ; ""Serine tRNA (tRNA-Ser) ; predicted by tRNAscan-SE analysis""",Genome Release 64-3-1
YNCB0001W,YNCB0001W,SGDID:S000006647,tRNA_gene,CHR_2,9583,9666,"""Leucine tRNA (tRNA-Leu) ; predicted by tRNAscan-SE analysis""",Genome Release 64-3-1
YNCB0002W,YNCB0002W,SGDID:S000006562,tRNA_gene,CHR_2,36398,36434,"""Phenylalanine tRNA (tRNA-Phe) ; predicted by tRNAscan-SE analysis""",Genome Release 64-3-1
YNCB0003W,SNR56,SGDID:S000006447,snoRNA_gene,CHR_2,88190,88277,"""C/D box small nucleolar RNA (snoRNA); guides 2'-O-methylation of small subunit (SSU) rRNA at position G1428""",Genome Release 64-3-1
YNCB0004W,YNCB0004W,SGDID:S000006600,tRNA_gene,CHR_2,197494,197567,"""Isoleucine tRNA (tRNA-Ile) ; predicted by tRNAscan-SE analysis""",Genome Release 64-3-1
YNCB0005C,YNCB0005C,SGDID:S000006574,tRNA_gene,CHR_2,197629,197699,"tRNA_gene ; ""Glycine tRNA (tRNA-Gly) ; predicted by tRNAscan-SE analysis""",Genome Release 64-3-1
YNCB0006W,YNCB0006W,SGDID:S000006720,tRNA_gene,CHR_2,227075,227156,"""Serine tRNA (tRNA-Ser) ; predicted by tRNAscan-SE analysis""",Genome Release 64-3-1
YNCB0007W,YNCB0007W,SGDID:S000006737,tRNA_gene,CHR_2,266378,266450,"""Threonine tRNA (tRNA-Thr) ; predicted by tRNAscan-SE analysis""",Genome Release 64-3-1
YNCB0008W,YNCB0008W,SGDID:S000303802,ncRNA_gene,CHR_2,276805,280645,"""lncRNA antisense to GAL10 and overlapping GAL1 mRNAs; GAL10-ncRNA transcription recruits Set2p methyltransferase  and histone deacetylation activities in cis ; leading to stable changes in chromatin structure; acts to enhance glucose repression of GAL110 induction at low environmental sugar concentrations; expression driven by Reb1p; does not appear to control GAL1 induction""",Genome Release 64-3-1
YNCB0009C,SNR161,SGDID:S000087162,snoRNA_gene,CHR_2,307185,307345,"snoRNA_gene ; ""H/ACA small nucleolar RNA (snoRNA); guides pseudouridylation of small subunit (SSU) rRNA at positions U632 and U766""",Genome Release 64-3-1
YNCB0010W,TLC1,SGDID:S000006657,telomerase_RNA_gene,CHR_2,307587,308887,"""RNA template component of telomerase; flexible scaffold that tethers telomerase holoenzyme protein subunits to the complex; contains template sequence that Est2p uses to add irregular repeats of TG(1-3) residues onto a DNA end; promoter regulated by the cell cycle dependent transcriptional activators Swi4p/Swi6p and Mbp1p/Swi6p""",Genome Release 64-3-1
YNCB0011C,YNCB0011C,SGDID:S000006769,tRNA_gene,CHR_2,326792,326865,"tRNA_gene ; ""Valine tRNA (tRNA-Val) ; predicted by tRNAscan-SE analysis""",Genome Release 64-3-1
YNCB0012W,YNCB0012W,SGDID:S000006648,tRNA_gene,CHR_2,347603,347686,"""Leucine tRNA (tRNA-Leu) ; predicted by tRNAscan-SE analysis""",Genome Release 64-3-1
YNCB0013W,YNCB0013W,SGDID:S000006691,tRNA_gene,CHR_2,350827,350898,"""Glutamine tRNA (tRNA-Gln) ; predicted by tRNAscan-SE analysis; thiolation of uridine at wobble position (34) requires Ncs6p""",Genome Release 64-3-1
YNCB0014W,TBRT,SGDID:S000303803,ncRNA_gene,CHR_2,376610,378633,"""Antisense lncRNA XUT_2F-154 (TBRT); transcription mediates  repression of BAP2 and TAT1""",Genome Release 64-3-1
YNCB0015W,YNCB0015W,SGDID:S000006708,tRNA_gene,CHR_2,405878,405949,"""Arginine tRNA (tRNA-Arg) ; predicted by tRNAscan-SE analysis; one of 11 nuclear tRNA genes containing the tDNA-anticodon UCU (converted to mcm5-UCU in the mature tRNA); decodes AGA codons into arginine; one of 19 nuclear tRNAs for arginine; part of dicistronic transcript with tD(GUC)B""",Genome Release 64-3-1
YNCB0016W,YNCB0016W,SGDID:S000006530,tRNA_gene,CHR_2,405960,406031,"""Aspartate tRNA (tRNA-Asp) ; predicted by tRNAscan-SE analysis""",Genome Release 64-3-1
YNCB0017C,YNCB0017C,SGDID:S000006526,tRNA_gene,CHR_2,643007,643078,"tRNA_gene ; ""Cysteine tRNA (tRNA-Cys) ; predicted by tRNAscan-SE analysis""",Genome Release 64-3-1
YNCB0018W,YNCB0018W,SGDID:S000006548,tRNA_gene,CHR_2,645167,645238,"""Glutamate tRNA (tRNA-Glu) ; predicted by tRNAscan-SE analysis; thiolation of uridine at wobble position (34) requires Ncs6p""",Genome Release 64-3-1
YNCB0019C,LSR1,SGDID:S000006478,snRNA_gene,CHR_2,680688,681862,"snRNA_gene ; ""U2 spliceosomal RNA (U2 snRNA) ; component of the spliceosome; pairs with the branchpoint sequence; functionally equivalent to mammalian U2 snRNA; stress-induced pseudouridylations at positions 56 and 93 contributes to regulation of splicing""",Genome Release 64-3-1
YNCC0001C,YNCC0001C,SGDID:S000006549,tRNA_gene,CHR_3,82462,82533,"tRNA_gene ; ""Glutamine tRNA (tRNA-Glu) ; predicted by tRNAscan-SE analysis; thiolation of uridine at wobble position (34) requires Ncs6p""",Genome Release 64-3-1
YNCC0002W,SUP53,SGDID:S000006637,tRNA_gene,CHR_3,90859,90896,"""Leucine tRNA (tRNA-Leu) ; predicted by tRNAscan-SE analysis; can mutate to suppress amber nonsense mutations""",Genome Release 64-3-1
YNCC0003C,SNR43,SGDID:S000006503,snoRNA_gene,CHR_3,107504,107712,"snoRNA_gene ; ""H/ACA box small nucleolar RNA (snoRNA); guides pseudouridylation of large subunit (LSU) rRNA at position U966 and of 5.8S rRNA at position 73""",Genome Release 64-3-1
YNCC0004C,SUF2,SGDID:S000006678,tRNA_gene,CHR_3,123577,123648,"tRNA_gene ; ""Proline tRNA (tRNA-Pro) ; predicted by tRNAscan-SE analysis; can mutate to suppress +1 frameshift mutations in proline codons""",Genome Release 64-3-1
YNCC0005W,YNCC0005W,SGDID:S000006668,tRNA_gene,CHR_3,127716,127789,"""Asparagine tRNA (tRNA-Asn) ; predicted by tRNAscan-SE analysis""",Genome Release 64-3-1
YNCC0006C,SNR33,SGDID:S000007298,snoRNA_gene,CHR_3,142364,142546,"snoRNA_gene ; ""H/ACA box small nucleolar RNA (snoRNA); guides pseudouridylation of large subunit (LSU) rRNA at position U1042""",Genome Release 64-3-1
YNCC0007C,SUF16,SGDID:S000006575,tRNA_gene,CHR_3,142701,142771,"tRNA_gene ; ""Glycine tRNA (tRNA-Gly) ; predicted by tRNAscan-SE analysis;can mutate to suppress +1 frameshift mutations in glycine codons""",Genome Release 64-3-1
YNCC0008W,YNCC0008W,SGDID:S000006658,tRNA_gene,CHR_3,149920,149991,"""Methionine tRNA (tRNA-Met) ; predicted by tRNAscan-SE analysis""",Genome Release 64-3-1
YNCC0009C,YNCC0009C,SGDID:S000006615,tRNA_gene,CHR_3,151284,151356,"tRNA_gene ; ""Lysine tRNA (tRNA-Lys) ; predicted by tRNAscan-SE analysis; a small portion is imported into mitochondria via interaction with mt lysyl-tRNA synthetase Msk1p and is necessary to decode AAG codons at high temperature ; when base modification of mt-encoded tRNA-Lys is reduced""",Genome Release 64-3-1
YNCC0010C,YNCC0010C,SGDID:S000006692,tRNA_gene,CHR_3,168301,168372,"tRNA_gene ; ""Glutamine tRNA (tRNA-Gln) ; predicted by tRNAscan-SE analysis; thiolation of uridine at wobble position (34) requires Ncs6p""",Genome Release 64-3-1
YNCC0011W,SNR65,SGDID:S000006456,snoRNA_gene,CHR_3,177183,177282,"""C/D box small nucleolar RNA (snoRNA); guides 2'-O-methylation of large subunit (LSU) rRNA at position U2347""",Genome Release 64-3-1
YNCC0012C,SNR189,SGDID:S000007314,snoRNA_gene,CHR_3,178610,178798,"snoRNA_gene ; ""H/ACA box small nucleolar RNA (snoRNA); guides pseudouridylation of large subunit (LSU) rRNA at position U2735 and small subunit (SSU) rRNA at position U466""",Genome Release 64-3-1
YNCC0013W,SUP61,SGDID:S000006730,tRNA_gene,CHR_3,227942,227978,"""Serine tRNA (tRNA-Ser) ; predicted by tRNAscan-SE analysis; i6A37 modification is catalyzed by Mod5p; can mutate to suppress amber or ochre nonsense mutations; suppressor mutant alleles are recessive lethal and can only be maintained when an additional wild-type copy of the gene is present ; because SUP61 encodes the only tRNA species that can decode UCG codons""",Genome Release 64-3-1
YNCC0014W,YNCC0014W,SGDID:S000006738,tRNA_gene,CHR_3,295484,295556,"""Threonine tRNA (tRNA-Thr) ; predicted by tRNAscan-SE analysis""",Genome Release 64-3-1
YNCD0001W,YNCD0001W,SGDID:S000006576,tRNA_gene,CHR_4,83548,83618,"""Glycine tRNA (tRNA-Gly) ; predicted by tRNAscan-SE analysis""",Genome Release 64-3-1
YNCD0002C,SNR63,SGDID:S000006454,snoRNA_gene,CHR_4,323217,323471,"snoRNA_gene ; ""C/D box small nucleolar RNA (snoRNA); guides 2'-O-methylation of large subunit (LSU) rRNA at position A2256""",Genome Release 64-3-1
YNCD0003W,YNCD0003W,SGDID:S000006629,tRNA_gene,CHR_4,359577,359613,"""Lysine tRNA (tRNA-Lys) ; predicted by tRNAscan-SE analysis; thiolation of uridine at wobble position (34) requires Ncs6p""",Genome Release 64-3-1
YNCD0004W,YNCD0004W,SGDID:S000006510,tRNA_gene,CHR_4,410379,410451,"""Alanine tRNA (tRNA-Ala) ; predicted by tRNAscan-SE analysis; one of 11 nuclear tRNA genes containing the tDNA-anticodon AGC (converted to IGC in the mature tRNA) ; decodes GCU and GCC codons into alanine ; one of 16 nuclear tRNAs for alanine""",Genome Release 64-3-1
YNCD0005C,YNCD0005C,SGDID:S000006739,tRNA_gene,CHR_4,434264,434336,"tRNA_gene ; ""Threonine tRNA (tRNA-Thr) ; predicted by tRNAscan-SE analysis""",Genome Release 64-3-1
YNCD0006W,YNCD0006W,SGDID:S000006721,tRNA_gene,CHR_4,437772,437853,"""Serine tRNA (tRNA-Ser) ; predicted by tRNAscan-SE analysis""",Genome Release 64-3-1
YNCD0007C,YNCD0007C,SGDID:S000006770,tRNA_gene,CHR_4,488797,488870,"tRNA_gene ; ""Valine tRNA (tRNA-Val) ; predicted by tRNAscan-SE analysis""",Genome Release 64-3-1
YNCD0008W,YNCD0008W,SGDID:S000006649,tRNA_gene,CHR_4,519743,519826,"""Leucine tRNA (tRNA-Leu) ; predicted by tRNAscan-SE analysis""",Genome Release 64-3-1
YNCD0009W,YNCD0009W,SGDID:S000006693,tRNA_gene,CHR_4,520972,521043,"""Glutamine tRNA (tRNA-Gln) ; predicted by tRNAscan-SE analysis; thiolation of uridine at wobble position (34) requires Ncs6p""",Genome Release 64-3-1
YNCD0010C,SNR47,SGDID:S000006507,snoRNA_gene,CHR_4,541602,541700,"snoRNA_gene ; ""C/D box small nucleolar RNA (snoRNA); guides 2'-O-methylation of large subunit (LSU) rRNA at position A2220 and small subunit (SSU) rRNA at position A619""",Genome Release 64-3-1
YNCD0011W,YNCD0011W,SGDID:S000006709,tRNA_gene,CHR_4,568882,568953,"""Arginine tRNA (tRNA-Arg) ; predicted by tRNAscan-SE analysis; one of 11 nuclear tRNA genes containing the tDNA-anticodon UCU (converted to mcm5-UCU in the mature tRNA) ; decodes AGA codons into arginine ; one of 19 nuclear tRNAs for arginine""",Genome Release 64-3-1
YNCD0012W,YNCD0012W,SGDID:S000006531,tRNA_gene,CHR_4,568964,569035,"""Aspartate tRNA (tRNA-Asp) ; predicted by tRNAscan-SE analysis""",Genome Release 64-3-1
YNCD0013C,YNCD0013C,SGDID:S000006700,tRNA_gene,CHR_4,619969,620041,"tRNA_gene ; ""Arginine tRNA (tRNA-Arg) ; predicted by tRNAscan-SE analysis; one of 6 nuclear tRNA genes containing the tDNA-anticodon ACG (converted to ICG in the mature tRNA) ; decodes CGU ; CGC ; and probably CGA codons into arginine ; one of 19 nuclear tRNAs for arginine""",Genome Release 64-3-1
YNCD0014C,YNCD0014C,SGDID:S000006694,tRNA_gene,CHR_4,645153,645224,"tRNA_gene ; ""Glutamine tRNA (tRNA-Gln) ; predicted by tRNAscan-SE analysis; thiolation of uridine at wobble position (34) requires Ncs6p""",Genome Release 64-3-1
YNCD0015C,YNCD0015C,SGDID:S000006601,tRNA_gene,CHR_4,668007,668080,"tRNA_gene ; ""Isoleucine tRNA (tRNA-Ile) ; predicted by tRNAscan-SE analysis""",Genome Release 64-3-1
YNCD0016C,YNCD0016C,SGDID:S000006695,tRNA_gene,CHR_4,802731,802802,"tRNA_gene ; ""Glutamine tRNA (tRNA-Gln) ; predicted by tRNAscan-SE analysis; thiolation of uridine at wobble position (34) requires Ncs6p""",Genome Release 64-3-1
YNCD0017W,YNCD0017W,SGDID:S000006613,tRNA_gene,CHR_4,884361,884397,"""Isoleucine tRNA (tRNA-Ile) ; predicted by tRNAscan-SE analysis""",Genome Release 64-3-1
YNCD0018W,SUP2,SGDID:S000006778,tRNA_gene,CHR_4,946312,946350,"""Tyrosine tRNA (tRNA-Tyr) ; predicted by tRNAscan-SE analysis; can mutate to suppress ochre nonsense mutations""",Genome Release 64-3-1
YNCD0019C,YNCD0019C,SGDID:S000006722,tRNA_gene,CHR_4,980974,981055,"tRNA_gene ; ""Serine tRNA (tRNA-Ser) ; predicted by tRNAscan-SE analysis""",Genome Release 64-3-1
YNCD0020W,YNCD0020W,SGDID:S000006577,tRNA_gene,CHR_4,992832,992902,"""Glycine tRNA (tRNA-Gly) ; predicted by tRNAscan-SE analysis""",Genome Release 64-3-1
YNCD0021C,YNCD0021C,SGDID:S000006546,tRNA_gene,CHR_4,1017207,1017278,"tRNA_gene ; ""Glutamate tRNA (tRNA-Glu) ; predicted by tRNAscan-SE analysis""",Genome Release 64-3-1
YNCD0022C,YNCD0022C,SGDID:S000006767,tRNA_gene,CHR_4,1075472,1075544,"tRNA_gene ; ""Valine tRNA (tRNA-Val) ; predicted by tRNAscan-SE analysis""",Genome Release 64-3-1
YNCD0023C,YNCD0023C,SGDID:S000006563,tRNA_gene,CHR_4,1095370,1095405,"tRNA_gene ; ""Phenylalanine tRNA (tRNA-Phe) ; predicted by tRNAscan-SE analysis""",Genome Release 64-3-1
YNCD0024C,YNCD0024C,SGDID:S000006777,tRNA_gene,CHR_4,1150842,1150941,"tRNA_gene ; ""tRNA of undetermined specificity ; predicted by tRNAscan-SE analysis; very similar to serine tRNAs""",Genome Release 64-3-1
YNCD0025W,EMT1,SGDID:S000006659,tRNA_gene,CHR_4,1175829,1175901,"""Methionine tRNA (tRNA-Met) ; functions in translational elongation; not involved in translational initiation; predicted by tRNAscan-SE analysis""",Genome Release 64-3-1
YNCD0026W,YNCD0026W,SGDID:S000006616,tRNA_gene,CHR_4,1201750,1201822,"""Lysine tRNA (tRNA-Lys) ; predicted by tRNAscan-SE analysis; a small portion is imported into mitochondria via interaction with mt lysyl-tRNA synthetase Msk1p and is necessary to decode AAG codons at high temperature ; when base modification of mt-encoded tRNA-Lys is reduced""",Genome Release 64-3-1
YNCD0027C,SUF3,SGDID:S000006572,tRNA_gene,CHR_4,1257008,1257079,"tRNA_gene ; ""Glycine tRNA (tRNA-Gly) ; predicted by tRNAscan-SE analysis; can mutate to suppress +1 frameshift mutations in glycine codons""",Genome Release 64-3-1
YNCD0028W,YNCD0028W,SGDID:S000006723,tRNA_gene,CHR_4,1305630,1305712,"""Serine tRNA (tRNA-Ser) ; predicted by tRNAscan-SE analysis""",Genome Release 64-3-1
YNCD0029C,YNCD0029C,SGDID:S000006617,tRNA_gene,CHR_4,1352466,1352538,"tRNA_gene ; ""Lysine tRNA (tRNA-Lys) ; predicted by tRNAscan-SE analysis; a small portion is imported into mitochondria via interaction with mt lysyl-tRNA synthetase Msk1p and is necessary to decode AAG codons at high temperature ; when base modification of mt-encoded tRNA-Lys is reduced""",Genome Release 64-3-1
YNCD0030W,SNR13,SGDID:S000006498,snoRNA_gene,CHR_4,1402919,1403042,"""C/D box small nucleolar RNA (snoRNA); guides 2'-O-methylation of large subunit (LSU) rRNA at positions A2280 and A2281""",Genome Release 64-3-1
YNCD0031C,YNCD0031C,SGDID:S000006638,tRNA_gene,CHR_4,1461715,1461758,"tRNA_gene ; ""Leucine tRNA (tRNA-Leu) ; predicted by tRNAscan-SE analysis""",Genome Release 64-3-1
YNCD0032C,SNR84,SGDID:S000028466,snoRNA_gene,CHR_4,1492477,1493026,"snoRNA_gene ; ""H/ACA box small nucleolar RNA (snoRNA); guides pseudouridylation of large subunit (LSU) rRNA at position U2266; overexpression confers resistance to baking-associated stress""",Genome Release 64-3-1
YNCE0001C,SNR80,SGDID:S000081374,snoRNA_gene,CHR_5,52150,52320,"snoRNA_gene ; ""H/ACA box small nucleolar RNA (snoRNA); guides pseudouridylation of large subunit (LSU) rRNA at position U776 and small subunit (SSU) rRNA at position U759""",Genome Release 64-3-1
YNCE0002W,SNR67,SGDID:S000006458,snoRNA_gene,CHR_5,61352,61433,"""C/D box small nucleolar RNA (snoRNA); guides 2'-O-methylation of large subunit (LSU) rRNA at positions G2619 and U2724""",Genome Release 64-3-1
YNCE0003W,SNR53,SGDID:S000006444,snoRNA_gene,CHR_5,61699,61789,"""C/D box small nucleolar RNA (snoRNA); guides 2'-O-methylation of small subunit (SSU) rRNA at position A796""",Genome Release 64-3-1
YNCE0004C,YNCE0004C,SGDID:S000006578,tRNA_gene,CHR_5,61890,61960,"tRNA_gene ; ""Glycine tRNA (tRNA-Gly) ; predicted by tRNAscan-SE analysis""",Genome Release 64-3-1
YNCE0005W,YNCE0005W,SGDID:S000006724,tRNA_gene,CHR_5,86604,86685,"""Serine tRNA (tRNA-Ser) ; predicted by tRNAscan-SE analysis""",Genome Release 64-3-1
YNCE0006W,IMT4,SGDID:S000006660,tRNA_gene,CHR_5,100133,100204,"""Methionine initiator tRNA (tRNA-Met); predicted by tRNAscan-SE analysis; one of four initiator methionine tRNAs in yeast that are functional for translation""",Genome Release 64-3-1
YNCE0007C,RPR1,SGDID:S000006490,ncRNA_gene,CHR_5,117667,118035,"ncRNA_gene ; ""RNA component of nuclear RNase P; nuclear RNase P cleaves tRNA precursors to generate mature 5' ends and facilitates turnover of nuclear RNAs; may be responsible for recognition of substrate tRNAs""",Genome Release 64-3-1
YNCE0008C,YNCE0008C,SGDID:S000006697,tRNA_gene,CHR_5,131082,131153,"tRNA_gene ; ""Glutamine tRNA (tRNA-Gln) ; predicted by tRNAscan-SE analysis; thiolation of uridine at wobble position (34) requires Ncs6p""",Genome Release 64-3-1
YNCE0009C,YNCE0009C,SGDID:S000006618,tRNA_gene,CHR_5,135425,135497,"tRNA_gene ; ""Lysine tRNA (tRNA-Lys) ; predicted by tRNAscan-SE analysis; a small portion is imported into mitochondria via interaction with mt lysyl-tRNA synthetase Msk1p and is necessary to decode AAG codons at high temperature ; when base modification of mt-encoded tRNA-Lys is reduced""",Genome Release 64-3-1
YNCE0010W,YNCE0010W,SGDID:S000006710,tRNA_gene,CHR_5,138666,138737,"""Arginine tRNA (tRNA-Arg) ; predicted by tRNAscan-SE analysis; one of 11 nuclear tRNA genes containing the tDNA-anticodon UCU (converted to mcm5-UCU in the mature tRNA) ; decodes AGA codons into arginine ; one of 19 nuclear tRNAs for arginine""",Genome Release 64-3-1
YNCE0011C,SNR14,SGDID:S000006499,snRNA_gene,CHR_5,167427,167586,"snRNA_gene ; ""U4 spliceosomal RNA (U4 snRNA); interacts with U6""",Genome Release 64-3-1
YNCE0012W,YNCE0012W,SGDID:S000006550,tRNA_gene,CHR_5,177099,177170,"""Glutamate tRNA (tRNA-Glu) ; predicted by tRNAscan-SE analysis; thiolation of uridine at wobble position (34) requires Ncs6p; target of K. lactis zymocin""",Genome Release 64-3-1
YNCE0013W,YNCE0013W,SGDID:S000006593,tRNA_gene,CHR_5,207357,207428,"""Histidine tRNA (tRNA-His) ; predicted by tRNAscan-SE analysis""",Genome Release 64-3-1
YNCE0014W,YNCE0014W,SGDID:S000006696,tRNA_gene,CHR_5,250286,250357,"""Glutamine tRNA (tRNA-Gln) ; predicted by tRNAscan-SE analysis; thiolation of uridine at wobble position (34) requires Ncs6p""",Genome Release 64-3-1
YNCE0015C,SUP19,SGDID:S000006734,tRNA_gene,CHR_5,288443,288524,"tRNA_gene ; ""Serine tRNA (tRNA-Ser) ; predicted by tRNAscan-SE analysis; can mutate to suppress ochre nonsense mutations""",Genome Release 64-3-1
YNCE0016C,YNCE0016C,SGDID:S000006522,tRNA_gene,CHR_5,312023,312095,"tRNA_gene ; ""Alanine tRNA (tRNA-Ala) ; predicted by tRNAscan-SE analysis; one of 5 nuclear tRNA genes containing the tDNA-anticodon TGC (mature tRNA may be UGC or may contain modified bases) ; decodes GCA and probably GCG codons into alanine ; one of 16 nuclear tRNAs for alanine""",Genome Release 64-3-1
YNCE0017W,SRG1,SGDID:S000029010,ncRNA_gene,CHR_5,322212,322762,"""Non-protein-coding RNA that regulates the transcription of SER3; expression of SRG1 RNA represses expression of its neighboring gene SER3 via a transcription-interference mechanism""",Genome Release 64-3-1
YNCE0018W,YNCE0018W,SGDID:S000006551,tRNA_gene,CHR_5,354934,355005,"""Glutamate tRNA (tRNA-Glu) ; predicted by tRNAscan-SE analysis; thiolation of uridine at wobble position (34) requires Ncs6p""",Genome Release 64-3-1
YNCE0019W,SNR4,SGDID:S000006493,snoRNA_gene,CHR_5,424698,424883,"""C/D box small nucleolar RNA (snoRNA) but not shown to be active; no target site is predicted within the ribosomal RNAs""",Genome Release 64-3-1
YNCE0020C,SNR52,SGDID:S000006443,snoRNA_gene,CHR_5,431129,431220,"snoRNA_gene ; ""C/D box small nucleolar RNA (snoRNA); guides 2'-O-methylation of large subunit (LSU) rRNA at position U2921 and small subunit (SSU) rRNA at position A420""",Genome Release 64-3-1
YNCE0021C,YNCE0021C,SGDID:S000006594,tRNA_gene,CHR_5,434541,434612,"tRNA_gene ; ""Histidine tRNA (tRNA-His) ; predicted by tRNAscan-SE analysis""",Genome Release 64-3-1
YNCE0022C,YNCE0022C,SGDID:S000006619,tRNA_gene,CHR_5,435752,435824,"tRNA_gene ; ""Lysine tRNA (tRNA-Lys) ; predicted by tRNAscan-SE analysis; a small portion is imported into mitochondria via interaction with mt lysyl-tRNA synthetase Msk1p and is necessary to decode AAG codons at high temperature ; when base modification of mt-encoded tRNA-Lys is reduced""",Genome Release 64-3-1
YNCE0023W,YNCE0023W,SGDID:S000006753,tRNA_gene,CHR_5,438700,438773,"""Valine tRNA (tRNA-Val) ; predicted by tRNAscan-SE analysis""",Genome Release 64-3-1
YNCE0024W,SCR1,SGDID:S000006491,ncRNA_gene,CHR_5,441987,442508,"""RNA subunit of the Signal Recognition Particle (SRP)""",Genome Release 64-3-1
YNCE0025C,YNCE0025C,SGDID:S000006602,tRNA_gene,CHR_5,443202,443275,"tRNA_gene ; ""Isoleucine tRNA (tRNA-Ile) ; predicted by tRNAscan-SE analysis""",Genome Release 64-3-1
YNCE0026W,YNCE0026W,SGDID:S000006754,tRNA_gene,CHR_5,469457,469530,"""Valine tRNA (tRNA-Val) ; predicted by tRNAscan-SE analysis""",Genome Release 64-3-1
YNCE0027C,YNCE0027C,SGDID:S000006552,tRNA_gene,CHR_5,487331,487402,"tRNA_gene ; ""Glutamate tRNA (tRNA-Glu) ; predicted by tRNAscan-SE analysis; thiolation of uridine at wobble position (34) requires Ncs6p; target of K. lactis zymocin""",Genome Release 64-3-1
YNCE0028C,YNCE0028C,SGDID:S000006701,tRNA_gene,CHR_5,492352,492424,"tRNA_gene ; ""Arginine tRNA (tRNA-Arg) ; predicted by tRNAscan-SE analysis; one of 6 nuclear tRNA genes containing the tDNA-anticodon ACG (converted to ICG in the mature tRNA) ; decodes CGU ; CGC ; and probably CGA codons into arginine ; one of 19 nuclear tRNAs for arginine""",Genome Release 64-3-1
YNCE0029C,YNCE0029C,SGDID:S000006603,tRNA_gene,CHR_5,551285,551358,"tRNA_gene ; ""Isoleucine tRNA (tRNA-Ile) ; predicted by tRNAscan-SE analysis""",Genome Release 64-3-1
YNCF0001C,RUF21,SGDID:S000130129,ncRNA_gene,CHR_6,57815,58521,"ncRNA_gene ; ""RNA of Unknown Function""",Genome Release 64-3-1
YNCF0002W,SUF9,SGDID:S000006681,tRNA_gene,CHR_6,101376,101411,"""Proline tRNA (tRNA-Pro) ; predicted by tRNAscan-SE analysis; can mutate to suppress +1 frameshift mutations in proline codons""",Genome Release 64-3-1
YNCF0003C,RUF20,SGDID:S000130127,ncRNA_gene,CHR_6,131061,131503,"ncRNA_gene ; ""RNA of Unknown Function""",Genome Release 64-3-1
YNCF0004C,YNCF0004C,SGDID:S000006669,tRNA_gene,CHR_6,137486,137559,"tRNA_gene ; ""Asparagine tRNA (tRNA-Asn) ; predicted by tRNAscan-SE analysis""",Genome Release 64-3-1
YNCF0005C,YNCF0005C,SGDID:S000006564,tRNA_gene,CHR_6,157916,157951,"tRNA_gene ; ""Phenylalanine tRNA (tRNA-Phe) ; predicted by tRNAscan-SE analysis""",Genome Release 64-3-1
YNCF0006W,SUF20,SGDID:S000006579,tRNA_gene,CHR_6,162228,162298,"""Glycine tRNA (tRNA-Gly) ; predicted by tRNAscan-SE analysis; can mutate to suppress +1 frameshift mutations in glycine codons""",Genome Release 64-3-1
YNCF0007W,SUP11,SGDID:S000006779,tRNA_gene,CHR_6,167437,167475,"""Tyrosine tRNA (tRNA-Tyr) ; predicted by tRNAscan-SE analysis; can mutate to suppress ochre nonsense mutations""",Genome Release 64-3-1
YNCF0008C,YNCF0008C,SGDID:S000006580,tRNA_gene,CHR_6,180974,181044,"tRNA_gene ; ""Glycine tRNA (tRNA-Gly) ; predicted by tRNAscan-SE analysis""",Genome Release 64-3-1
YNCF0009C,YNCF0009C,SGDID:S000006731,tRNA_gene,CHR_6,191513,191557,"tRNA_gene ; ""Serine tRNA (tRNA-Ser) ; predicted by tRNAscan-SE analysis""",Genome Release 64-3-1
YNCF0010C,RUF22,SGDID:S000130131,ncRNA_gene,CHR_6,199299,199813,"ncRNA_gene ; ""RNA of Unknown Function; precise location of 3' end uncertain; RUF22 may be longer than currently annotated""",Genome Release 64-3-1
YNCF0011C,YNCF0011C,SGDID:S000006511,tRNA_gene,CHR_6,204924,204996,"tRNA_gene ; ""Alanine tRNA (tRNA-Ala) ; predicted by tRNAscan-SE analysis; one of 11 nuclear tRNA genes containing the tDNA-anticodon AGC (converted to IGC in the mature tRNA) ; decodes GCU and GCC codons into alanine ; one of 16 nuclear tRNAs for alanine""",Genome Release 64-3-1
YNCF0012C,SUP6,SGDID:S000006780,tRNA_gene,CHR_6,210619,210654,"tRNA_gene ; ""Tyrosine tRNA (tRNA-Tyr) ; predicted by tRNAscan-SE analysis; can mutate to suppress ochre nonsense mutations""",Genome Release 64-3-1
YNCF0013W,RUF23,SGDID:S000130133,ncRNA_gene,CHR_6,221714,221967,"""RNA of Unknown Function; precise location of 3' end uncertain; RUF23 may be longer than currently annotated""",Genome Release 64-3-1
YNCF0014C,YNCF0014C,SGDID:S000006620,tRNA_gene,CHR_6,226688,226760,"tRNA_gene ; ""Lysine tRNA (tRNA-Lys) ; predicted by tRNAscan-SE analysis; a small portion is imported into mitochondria via interaction with mt lysyl-tRNA synthetase Msk1p and is necessary to decode AAG codons at high temperature ; when base modification of mt-encoded tRNA-Lys is reduced""",Genome Release 64-3-1
YNCG0001C,RME3,SGDID:S000144910,ncRNA_gene,CHR_7,33109,35013,"ncRNA_gene ; ""Antisense transcript that represses the meiosis-specific ZIP2 gene; expressed in haploid cells under sporulation inducing conditions; regulates ZIP2 in a cis-dependent manner; RME3 is repressed by the MAT a1/alpha2 complex in diploid cells""",Genome Release 64-3-1
YNCG0002C,YNCG0002C,SGDID:S000006757,tRNA_gene,CHR_7,73829,73902,"tRNA_gene ; ""Valine tRNA (tRNA-Val) ; predicted by tRNAscan-SE analysis""",Genome Release 64-3-1
YNCG0003C,YNCG0003C,SGDID:S000006595,tRNA_gene,CHR_7,110625,110696,"tRNA_gene ; ""Histidine tRNA (tRNA-His) ; predicted by tRNAscan-SE analysis""",Genome Release 64-3-1
YNCG0004W,YNCG0004W,SGDID:S000006630,tRNA_gene,CHR_7,115488,115524,"""Lysine tRNA (tRNA-Lys) ; predicted by tRNAscan-SE analysis; thiolation of uridine at wobble position (34) requires Ncs6p""",Genome Release 64-3-1
YNCG0005W,YNCG0005W,SGDID:S000006621,tRNA_gene,CHR_7,122269,122341,"""Lysine tRNA (tRNA-Lys) ; predicted by tRNAscan-SE analysis; a small portion is imported into mitochondria via interaction with mt lysyl-tRNA synthetase Msk1p and is necessary to decode AAG codons at high temperature ; when base modification of mt-encoded tRNA-Lys is reduced""",Genome Release 64-3-1
YNCG0006C,RME2,SGDID:S000144908,ncRNA_gene,CHR_7,141898,144120,"ncRNA_gene ; ""Antisense transcript initiated from the 3' end of the IME4 locus; expressed in haploids and interferes with IME4 expression through a cis-acting mechanism; RME2 expression is repressed by the MAT a1/alpha2 repressor complex""",Genome Release 64-3-1
YNCG0007C,YNCG0007C,SGDID:S000006622,tRNA_gene,CHR_7,185714,185786,"tRNA_gene ; ""Lysine tRNA (tRNA-Lys) ; predicted by tRNAscan-SE analysis; a small portion is imported into mitochondria via interaction with mt lysyl-tRNA synthetase Msk1p and is necessary to decode AAG codons at high temperature ; when base modification of mt-encoded tRNA-Lys is reduced""",Genome Release 64-3-1
YNCG0008W,YNCG0008W,SGDID:S000006639,tRNA_gene,CHR_7,205521,205558,"""Leucine tRNA (tRNA-Leu) ; predicted by tRNAscan-SE analysis""",Genome Release 64-3-1
YNCG0009C,YNCG0009C,SGDID:S000006771,tRNA_gene,CHR_7,287350,287385,"tRNA_gene ; ""Tryptophan tRNA (tRNA-Trp) ; predicted by tRNAscan-SE analysis""",Genome Release 64-3-1
YNCG0010W,SNR82,SGDID:S000028467,snoRNA_gene,CHR_7,316788,317055,"""H/ACA box small nucleolar RNA (snoRNA); guides pseudouridylation of large subunit (LSU) rRNA at positions U1110 ; U2349 ; and U2351""",Genome Release 64-3-1
YNCG0011W,YNCG0011W,SGDID:S000006596,tRNA_gene,CHR_7,319781,319852,"""Histidine tRNA (tRNA-His) ; predicted by tRNAscan-SE analysis""",Genome Release 64-3-1
YNCG0012W,SOE1,SGDID:S000006553,tRNA_gene,CHR_7,328583,328654,"""Glutamate tRNA (tRNA-Glu) ; predicted by tRNAscan-SE analysis; thiolation of uridine at wobble position (34) requires Ncs6p; can mutate to become a missense suppressor tRNA that inserts glutamate residues at lysine codons; target of K. lactis zymocin""",Genome Release 64-3-1
YNCG0013W,SNR10,SGDID:S000007499,snoRNA_gene,CHR_7,345986,346230,"""H/ACA box small nucleolar RNA (snoRNA); essential gene required for for preRNA processing ; specifically for cleavage at sites A1 and A2; also guides pseudouridylation of large subunit (LSU) rRNA at position U2923""",Genome Release 64-3-1
YNCG0014C,SNR39,SGDID:S000007302,snoRNA_gene,CHR_7,365163,365251,"snoRNA_gene ; ""C/D box small nucleolar RNA (snoRNA); guides 2'-O-methylation of large subunit (LSU) rRNA at position A807""",Genome Release 64-3-1
YNCG0015C,SNR39B,SGDID:S000007303,snoRNA_gene,CHR_7,366374,366469,"snoRNA_gene ; ""C/D box small nucleolar RNA (snoRNA); guides 2'-O-methylation of large subunit (LSU) rRNA at position G805""",Genome Release 64-3-1
YNCG0016C,YNCG0016C,SGDID:S000006554,tRNA_gene,CHR_7,401527,401598,"tRNA_gene ; ""Glutamate tRNA (tRNA-Glu) ; predicted by tRNAscan-SE analysis; thiolation of uridine at wobble position (34) requires Ncs6p""",Genome Release 64-3-1
YNCG0017W,YNCG0017W,SGDID:S000006711,tRNA_gene,CHR_7,405470,405541,"""Arginine tRNA (tRNA-Arg) ; predicted by tRNAscan-SE analysis; one of 11 nuclear tRNA genes containing the tDNA-anticodon UCU (converted to mcm5-UCU in the mature tRNA) ; decodes AGA codons into arginine ; one of 19 nuclear tRNAs for arginine""",Genome Release 64-3-1
YNCG0018C,YNCG0018C,SGDID:S000006755,tRNA_gene,CHR_7,412294,412367,"tRNA_gene ; ""Valine tRNA (tRNA-Val) ; predicted by tRNAscan-SE analysis""",Genome Release 64-3-1
YNCG0019W,SUP54,SGDID:S000006640,tRNA_gene,CHR_7,423092,423129,"""Leucine tRNA (tRNA-Leu) ; predicted by tRNAscan-SE analysis; can mutate to suppress amber nonsense mutations""",Genome Release 64-3-1
YNCG0020C,YNCG0020C,SGDID:S000006565,tRNA_gene,CHR_7,440716,440751,"tRNA_gene ; ""Phenylalanine tRNA (tRNA-Phe) ; predicted by tRNAscan-SE analysis""",Genome Release 64-3-1
YNCG0021W,YNCG0021W,SGDID:S000006532,tRNA_gene,CHR_7,531610,531681,"""Aspartate tRNA (tRNA-Asp) ; predicted by tRNAscan-SE analysis""",Genome Release 64-3-1
YNCG0022W,YNCG0022W,SGDID:S000006555,tRNA_gene,CHR_7,541850,541921,"""Glutamate tRNA (tRNA-Glu) ; predicted by tRNAscan-SE analysis; thiolation of uridine at wobble position (34) requires Ncs6p; target of K. lactis zymocin""",Genome Release 64-3-1
YNCG0023C,YNCG0023C,SGDID:S000006533,tRNA_gene,CHR_7,544577,544648,"tRNA_gene ; ""Aspartate tRNA (tRNA-Asp) ; predicted by tRNAscan-SE analysis""",Genome Release 64-3-1
YNCG0024W,SNR46,SGDID:S000006506,snoRNA_gene,CHR_7,545370,545566,"""H/ACA box small nucleolar RNA (snoRNA); guides pseudouridylation of large subunit (LSU) rRNA at position U2865""",Genome Release 64-3-1
YNCG0025C,YNCG0025C,SGDID:S000006725,tRNA_gene,CHR_7,561662,561743,"tRNA_gene ; ""Serine tRNA (tRNA-Ser) ; predicted by tRNAscan-SE analysis""",Genome Release 64-3-1
YNCG0026W,SNR48,SGDID:S000006440,snoRNA_gene,CHR_7,609584,609696,"""C/D box small nucleolar RNA (snoRNA); guides 2'-O-methylation of large subunit (LSU) rRNA at positions G2791 and G2793""",Genome Release 64-3-1
YNCG0027W,YNCG0027W,SGDID:S000006749,tRNA_gene,CHR_7,661749,661820,"""Threonine tRNA (tRNA-Thr) ; predicted by tRNAscan-SE analysis""",Genome Release 64-3-1
YNCG0028W,YNCG0028W,SGDID:S000006646,tRNA_gene,CHR_7,700675,700756,"""Leucine tRNA (tRNA-Leu) ; predicted by tRNAscan-SE analysis; not essential for viability even though this is the only tRNA that decodes GAG codons""",Genome Release 64-3-1
YNCG0029C,YNCG0029C,SGDID:S000006631,tRNA_gene,CHR_7,700953,700988,"tRNA_gene ; ""Lysine tRNA (tRNA-Lys) ; predicted by tRNAscan-SE analysis; thiolation of uridine at wobble position (34) requires Ncs6p""",Genome Release 64-3-1
YNCG0030C,YNCG0030C,SGDID:S000006527,tRNA_gene,CHR_7,707108,707179,"tRNA_gene ; ""Cysteine tRNA (tRNA-Cys) ; predicted by tRNAscan-SE analysis""",Genome Release 64-3-1
YNCG0031W,YNCG0031W,SGDID:S000006670,tRNA_gene,CHR_7,731137,731210,"""Asparagine tRNA (tRNA-Asn) ; predicted by tRNAscan-SE analysis""",Genome Release 64-3-1
YNCG0032W,YNCG0032W,SGDID:S000006713,tRNA_gene,CHR_7,736340,736411,"""Arginine tRNA (tRNA-Arg) ; predicted by tRNAscan-SE analysis; one of 11 nuclear tRNA genes containing the tDNA-anticodon UCU (converted to mcm5-UCU in the mature tRNA) ; decodes AGA codons into arginine ; one of 19 nuclear tRNAs for arginine""",Genome Release 64-3-1
YNCG0033W,YNCG0033W,SGDID:S000006604,tRNA_gene,CHR_7,739122,739195,"""Isoleucine tRNA (tRNA-Ile) ; predicted by tRNAscan-SE analysis""",Genome Release 64-3-1
YNCG0034W,YNCG0034W,SGDID:S000006512,tRNA_gene,CHR_7,774349,774421,"""Alanine tRNA (tRNA-Ala) ; predicted by tRNAscan-SE analysis; one of 11 nuclear tRNA genes containing the tDNA-anticodon AGC (converted to IGC in the mature tRNA) ; decodes GCU and GCC codons into alanine ; one of 16 nuclear tRNAs for alanine""",Genome Release 64-3-1
YNCG0035W,SUF4,SGDID:S000006590,tRNA_gene,CHR_7,779616,779687,"""Glycine tRNA (tRNA-Gly) ; predicted by tRNAscan-SE analysis; can mutate to suppress +1 frameshift mutations in glycine codons""",Genome Release 64-3-1
YNCG0036W,YNCG0036W,SGDID:S000006523,tRNA_gene,CHR_7,794417,794489,"""Alanine tRNA (tRNA-Ala) ; predicted by tRNAscan-SE analysis; one of 5 nuclear tRNA genes containing the tDNA-anticodon TGC (mature tRNA may be UGC or may contain modified bases) ; decodes GCA and probably GCG codons into alanine ; one of 16 nuclear tRNAs for alanine""",Genome Release 64-3-1
YNCG0037W,YNCG0037W,SGDID:S000006756,tRNA_gene,CHR_7,823482,823555,"""Valine tRNA (tRNA-Val) ; predicted by tRNAscan-SE analysis""",Genome Release 64-3-1
YNCG0038C,YNCG0038C,SGDID:S000006712,tRNA_gene,CHR_7,828723,828794,"tRNA_gene ; ""Arginine tRNA (tRNA-Arg) ; predicted by tRNAscan-SE analysis; one of 11 nuclear tRNA genes containing the tDNA-anticodon UCU (converted to mcm5-UCU in the mature tRNA) ; decodes AGA codons into arginine ; one of 19 nuclear tRNAs for arginine""",Genome Release 64-3-1
YNCG0039W,YNCG0039W,SGDID:S000006581,tRNA_gene,CHR_7,845649,845719,"""Glycine tRNA (tRNA-Gly) ; predicted by tRNAscan-SE analysis""",Genome Release 64-3-1
YNCG0040C,YNCG0040C,SGDID:S000006641,tRNA_gene,CHR_7,857378,857421,"tRNA_gene ; ""Leucine tRNA (tRNA-Leu) ; predicted by tRNAscan-SE analysis""",Genome Release 64-3-1
YNCG0041W,YNCG0041W,SGDID:S000006623,tRNA_gene,CHR_7,876394,876466,"""Lysine tRNA (tRNA-Lys) ; predicted by tRNAscan-SE analysis; a small portion is imported into mitochondria via interaction with mt lysyl-tRNA synthetase Msk1p and is necessary to decode AAG codons at high temperature ; when base modification of mt-encoded tRNA-Lys is reduced""",Genome Release 64-3-1
YNCG0042C,YNCG0042C,SGDID:S000006772,tRNA_gene,CHR_7,878710,878745,"tRNA_gene ; ""Tryptophan tRNA (tRNA-Trp) ; predicted by tRNAscan-SE analysis""",Genome Release 64-3-1
YNCG0043C,YNCG0043C,SGDID:S000006582,tRNA_gene,CHR_7,930953,931023,"tRNA_gene ; ""Glycine tRNA (tRNA-Gly) ; predicted by tRNAscan-SE analysis""",Genome Release 64-3-1
YNCG0044C,SNR7-L,SGDID:S000006495,snRNA_gene,CHR_7,939459,939672,"snRNA_gene ; ""U5 spliceosomal RNA (U5 snRNA) ; long form; associated with spliceosome""",Genome Release 64-3-1
YNCG0045C,SNR7-S,SGDID:S000006496,snRNA_gene,CHR_7,939494,939672,"snRNA_gene ; ""U5 spliceosomal RNA (U5 snRNA) ; short form; derived from SNR7-L by 3' end processing; associated with spliceosome""",Genome Release 64-3-1
YNCG0046W,YNCG0046W,SGDID:S000006750,tRNA_gene,CHR_7,1004216,1004287,"""Threonine tRNA (tRNA-Thr) ; predicted by tRNAscan-SE analysis""",Genome Release 64-3-1
YNCH0001W,YNCH0001W,SGDID:S000006597,tRNA_gene,CHR_8,62755,62826,"""Histidine tRNA (tRNA-His) ; predicted by tRNAscan-SE analysis""",Genome Release 64-3-1
YNCH0002C,YNCH0002C,SGDID:S000006758,tRNA_gene,CHR_8,85298,85371,"tRNA_gene ; ""Valine tRNA (tRNA-Val) ; predicted by tRNAscan-SE analysis""",Genome Release 64-3-1
YNCH0003C,YNCH0003C,SGDID:S000006740,tRNA_gene,CHR_8,116107,116179,"tRNA_gene ; ""Threonine tRNA (tRNA-Thr) ; predicted by tRNAscan-SE analysis""",Genome Release 64-3-1
YNCH0004C,YNCH0004C,SGDID:S000006726,tRNA_gene,CHR_8,133026,133107,"tRNA_gene ; ""Serine tRNA (tRNA-Ser) ; predicted by tRNAscan-SE analysis""",Genome Release 64-3-1
YNCH0005W,YNCH0005W,SGDID:S000006698,tRNA_gene,CHR_8,134321,134392,"""Glutamine tRNA (tRNA-Gln) ; predicted by tRNAscan-SE analysis; thiolation of uridine at wobble position (34) requires Ncs6p""",Genome Release 64-3-1
YNCH0006C,YNCH0006C,SGDID:S000006513,tRNA_gene,CHR_8,146242,146314,"tRNA_gene ; ""Alanine tRNA (tRNA-Ala) ; predicted by tRNAscan-SE analysis; one of 11 nuclear tRNA genes containing the tDNA-anticodon AGC (converted to IGC in the mature tRNA) ; decodes GCU and GCC codons into alanine ; one of 16 nuclear tRNAs for alanine""",Genome Release 64-3-1
YNCH0007W,RUF5-1,SGDID:S000028470,ncRNA_gene,CHR_8,212409,213118,"""RNA of Unknown Function""",Genome Release 64-3-1
YNCH0008W,RUF5-2,SGDID:S000028474,ncRNA_gene,CHR_8,214407,215116,"""RNA of Unknown Function""",Genome Release 64-3-1
YNCH0009C,YNCH0009C,SGDID:S000006566,tRNA_gene,CHR_8,237848,237883,"tRNA_gene ; ""Phenylalanine tRNA (tRNA-Phe) ; predicted by tRNAscan-SE analysis""",Genome Release 64-3-1
YNCH0010C,YNCH0010C,SGDID:S000006567,tRNA_gene,CHR_8,358478,358513,"tRNA_gene ; ""Phenylalanine tRNA (tRNA-Phe) ; predicted by tRNAscan-SE analysis""",Genome Release 64-3-1
YNCH0011W,SUT169,SGDID:S000303809,ncRNA_gene,CHR_8,378254,379237,"""Antisense transcript; upregulates sporulation-specific gene SPS100 upon entry into starvation or sporulation; functions by changing relative expression of SPS100 mRNA isoforms from short ; unstable transcript to long ; stable species ; suggesting novel mechanism of antisense-dependent gene regulation via mRNA isoform switching""",Genome Release 64-3-1
YNCH0012W,SNR32,SGDID:S000007297,snoRNA_gene,CHR_8,381540,381727,"""H/ACA box small nucleolar RNA (snoRNA); guides pseudouridylation of large subunit (LSU) rRNA at position U2191""",Genome Release 64-3-1
YNCH0013C,SUF8,SGDID:S000006682,tRNA_gene,CHR_8,388893,388928,"tRNA_gene ; ""Proline tRNA (tRNA-Pro) ; predicted by tRNAscan-SE analysis; target of K. lactis zymocin; can mutate to suppress +1 frameshift mutations in proline codons""",Genome Release 64-3-1
YNCH0014W,SNR71,SGDID:S000006462,snoRNA_gene,CHR_8,411228,411317,"""C/D box small nucleolar RNA (snoRNA); guides 2'-O-methylation of large subunit (LSU) rRNA at position A2946""",Genome Release 64-3-1
YNCH0015W,YNCH0015W,SGDID:S000006751,tRNA_gene,CHR_8,466990,467061,"""Threonine tRNA (tRNA-Thr) ; predicted by tRNAscan-SE analysis""",Genome Release 64-3-1
YNCH0016C,YNCH0016C,SGDID:S000006768,tRNA_gene,CHR_8,475706,475778,"tRNA_gene ; ""Valine tRNA (tRNA-Val) ; predicted by tRNAscan-SE analysis""",Genome Release 64-3-1
YNCI0001W,SNR68,SGDID:S000006459,snoRNA_gene,CHR_9,97111,97246,"""C/D box small nucleolar RNA (snoRNA); guides 2'-O-methylation of large subunit (LSU) rRNA at position A2640""",Genome Release 64-3-1
YNCI0002W,YNCI0002W,SGDID:S000006741,tRNA_gene,CHR_9,175031,175103,"""Threonine tRNA (tRNA-Thr) ; predicted by tRNAscan-SE analysis""",Genome Release 64-3-1
YNCI0003C,YNCI0003C,SGDID:S000006605,tRNA_gene,CHR_9,183440,183513,"tRNA_gene ; ""Isoleucine tRNA (tRNA-Ile) ; predicted by tRNAscan-SE analysis""",Genome Release 64-3-1
YNCI0004W,YNCI0004W,SGDID:S000006547,tRNA_gene,CHR_9,197592,197663,"""Glutamate tRNA (tRNA-Glu) ; predicted by tRNAscan-SE analysis""",Genome Release 64-3-1
YNCI0005W,YNCI0005W,SGDID:S000006606,tRNA_gene,CHR_9,210665,210738,"""Isoleucine tRNA (tRNA-Ile) ; predicted by tRNAscan-SE analysis""",Genome Release 64-3-1
YNCI0006W,SUP17,SGDID:S000006735,tRNA_gene,CHR_9,248850,248931,"""Serine tRNA (tRNA-Ser) ; predicted by tRNAscan-SE analysis; can mutate to suppress ochre nonsense mutations""",Genome Release 64-3-1
YNCI0007C,YNCI0007C,SGDID:S000006624,tRNA_gene,CHR_9,300228,300300,"tRNA_gene ; ""Lysine tRNA (tRNA-Lys) ; predicted by tRNAscan-SE analysis; a small portion is imported into mitochondria via interaction with mt lysyl-tRNA synthetase Msk1p and is necessary to decode AAG codons at high temperature ; when base modification of mt-encoded tRNA-Lys is reduced""",Genome Release 64-3-1
YNCI0008C,YNCI0008C,SGDID:S000006534,tRNA_gene,CHR_9,324303,324374,"tRNA_gene ; ""Aspartate tRNA (tRNA-Asp) ; predicted by tRNAscan-SE analysis""",Genome Release 64-3-1
YNCI0009W,YNCI0009W,SGDID:S000006742,tRNA_gene,CHR_9,325748,325820,"""Threonine tRNA (tRNA-Thr) ; predicted by tRNAscan-SE analysis""",Genome Release 64-3-1
YNCI0010C,YNCI0010C,SGDID:S000006535,tRNA_gene,CHR_9,336349,336420,"tRNA_gene ; ""Aspartate tRNA (tRNA-Asp) ; predicted by tRNAscan-SE analysis""",Genome Release 64-3-1
YNCI0011W,YNCI0011W,SGDID:S000006556,tRNA_gene,CHR_9,370417,370488,"""Glutamate tRNA (tRNA-Glu) ; predicted by tRNAscan-SE analysis; thiolation of uridine at wobble position (34) requires Ncs6p""",Genome Release 64-3-1
YNCI0012,ICR1,SGDID:S000132612,ncRNA_gene,CHR_9,393884,397082,"ncRNA_gene ; ""Long intergenic regulatory ncRNA; has a key role in regulating transcription of the nearby protein-coding ORF FLO11; initiated far upstream from FLO11 and transcribed across much of the large promoter of FLO11 ; repressing FLO11 transcription in cis""",Genome Release 64-3-1
YNCI0013W,PWR1,SGDID:S000132614,ncRNA_gene,CHR_9,395999,396939,"""Intergenic regulatory ncRNA; one of two long ncRNAs that play key roles in regulating transcription of the nearby protein-coding ORF FLO11; PWR1 promotes FLO11 transcription by interfering with ncRNA ICR1 ; which is transcribed across the FLO11 promoter""",Genome Release 64-3-1
YNCJ0001C,YNCJ0001C,SGDID:S000006743,tRNA_gene,CHR_10,59100,59172,"tRNA_gene ; ""Threonine tRNA (tRNA-Thr) ; predicted by tRNAscan-SE analysis""",Genome Release 64-3-1
YNCJ0002C,YNCJ0002C,SGDID:S000006557,tRNA_gene,CHR_10,115939,116010,"tRNA_gene ; ""Glutamate tRNA (tRNA-Glu) ; predicted by tRNAscan-SE analysis; thiolation of uridine at wobble position (34) requires Ncs6p; target of K. lactis zymocin""",Genome Release 64-3-1
YNCJ0003C,SNR128,SGDID:S000006508,snoRNA_gene,CHR_10,139566,139691,"snoRNA_gene ; ""C/D box small nucleolar RNA (snoRNA); referred to as U14; essential gene required for cleavage of 35S primary rRNA transcript to release the precursor to the 18S rRNA; guides 2'-O-methylation of small subunit (SSU) rRNA at position C414""",Genome Release 64-3-1
YNCJ0004C,SNR190,SGDID:S000006509,snoRNA_gene,CHR_10,139761,139950,"snoRNA_gene ; ""C/D box small nucleolar RNA (snoRNA); predicted to guide 2'-O-methylation of large subunit (LSU) rRNA at position G2395; not shown to be active""",Genome Release 64-3-1
YNCJ0005C,YNCJ0005C,SGDID:S000006514,tRNA_gene,CHR_10,197313,197385,"tRNA_gene ; ""Alanine tRNA (tRNA-Ala) ; predicted by tRNAscan-SE analysis; one of 11 nuclear tRNA genes containing the tDNA-anticodon AGC (converted to IGC in the mature tRNA) ; decodes GCU and GCC codons into alanine ; one of 16 nuclear tRNAs for alanine""",Genome Release 64-3-1
YNCJ0006W,YNCJ0006W,SGDID:S000006536,tRNA_gene,CHR_10,204735,204806,"""Aspartate tRNA (tRNA-Asp) ; predicted by tRNAscan-SE analysis""",Genome Release 64-3-1
YNCJ0007C,SNR37,SGDID:S000006501,snoRNA_gene,CHR_10,228094,228479,"snoRNA_gene ; ""H/ACA box small nucleolar RNA (snoRNA); guides pseudouridylation of large subunit (LSU) rRNA at position U2944""",Genome Release 64-3-1
YNCJ0008W,YNCJ0008W,SGDID:S000006702,tRNA_gene,CHR_10,233939,234011,"""Arginine tRNA (tRNA-Arg) ; predicted by tRNAscan-SE analysis; one of 6 nuclear tRNA genes containing the tDNA-anticodon ACG (converted to ICG in the mature tRNA) ; decodes CGU ; CGC ; and probably CGA codons into arginine ; one of 19 nuclear tRNAs for arginine""",Genome Release 64-3-1
YNCJ0009C,SNR60,SGDID:S000006451,snoRNA_gene,CHR_10,349130,349233,"snoRNA_gene ; ""C/D box small nucleolar RNA (snoRNA); guides 2'-O-methylation of large subunit (LSU) rRNA at positions A817 and G908""",Genome Release 64-3-1
YNCJ0010W,SUP7,SGDID:S000006781,tRNA_gene,CHR_10,354244,354282,"""Tyrosine tRNA (tRNA-Tyr) ; predicted by tRNAscan-SE analysis; can mutate to suppress ochre nonsense mutations""",Genome Release 64-3-1
YNCJ0011W,YNCJ0011W,SGDID:S000006714,tRNA_gene,CHR_10,355374,355445,"""Arginine tRNA (tRNA-Arg) ; predicted by tRNAscan-SE analysis; one of 11 nuclear tRNA genes containing the tDNA-anticodon UCU (converted to mcm5-UCU in the mature tRNA) ; decodes AGA codons into arginine ; one of 19 nuclear tRNAs for arginine""",Genome Release 64-3-1
YNCJ0012W,YNCJ0012W,SGDID:S000006537,tRNA_gene,CHR_10,355456,355527,"""Aspartate tRNA (tRNA-Asp) ; predicted by tRNAscan-SE analysis""",Genome Release 64-3-1
YNCJ0013C,YNCJ0013C,SGDID:S000006538,tRNA_gene,CHR_10,374424,374495,"tRNA_gene ; ""Aspartate tRNA (tRNA-Asp) ; predicted by tRNAscan-SE analysis""",Genome Release 64-3-1
YNCJ0014C,YNCJ0014C,SGDID:S000006715,tRNA_gene,CHR_10,374506,374577,"tRNA_gene ; ""Arginine tRNA (tRNA-Arg) ; predicted by tRNAscan-SE analysis; one of 11 nuclear tRNA genes containing the tDNA-anticodon UCU (converted to mcm5-UCU in the mature tRNA) ; decodes AGA codons into arginine ; one of 19 nuclear tRNAs for arginine""",Genome Release 64-3-1
YNCJ0015W,YNCJ0015W,SGDID:S000006759,tRNA_gene,CHR_10,378360,378433,"""Valine tRNA (tRNA-Val) ; predicted by tRNAscan-SE analysis""",Genome Release 64-3-1
YNCJ0016C,EMT5,SGDID:S000006661,tRNA_gene,CHR_10,391043,391115,"tRNA_gene ; ""Methionine tRNA (tRNA-Met) ; functions in translational elongation; not involved in translational initiation; predicted by tRNAscan-SE analysis""",Genome Release 64-3-1
YNCJ0017C,YNCJ0017C,SGDID:S000006583,tRNA_gene,CHR_10,396726,396796,"tRNA_gene ; ""Glycine tRNA (tRNA-Gly) ; predicted by tRNAscan-SE analysis""",Genome Release 64-3-1
YNCJ0018W,YNCJ0018W,SGDID:S000006625,tRNA_gene,CHR_10,414966,415038,"""Lysine tRNA (tRNA-Lys) ; predicted by tRNAscan-SE analysis; a small portion is imported into mitochondria via interaction with mt lysyl-tRNA synthetase Msk1p and is necessary to decode AAG codons at high temperature ; when base modification of mt-encoded tRNA-Lys is reduced""",Genome Release 64-3-1
YNCJ0019C,YNCJ0019C,SGDID:S000006773,tRNA_gene,CHR_10,415931,415966,"tRNA_gene ; ""Tryptophan tRNA (tRNA-Trp) ; predicted by tRNAscan-SE analysis""",Genome Release 64-3-1
YNCJ0020W,EMT3,SGDID:S000006662,tRNA_gene,CHR_10,422937,423009,"""Methionine tRNA (tRNA-Met) ; functions in translational elongation; not involved in translational initiation; predicted by tRNAscan-SE analysis""",Genome Release 64-3-1
YNCJ0021C,SUP51,SGDID:S000006650,tRNA_gene,CHR_10,424432,424515,"tRNA_gene ; ""Leucine tRNA (tRNA-Leu) ; predicted by tRNAscan-SE analysis; can mutate to suppress amber nonsense mutations""",Genome Release 64-3-1
YNCJ0022C,IMT3,SGDID:S000006663,tRNA_gene,CHR_10,517813,517884,"tRNA_gene ; ""Methionine initiator tRNA (tRNA-Met); predicted by tRNAscan-SE analysis; one of four initiator methionine tRNAs in yeast that are functional for translation""",Genome Release 64-3-1
YNCJ0023C,YNCJ0023C,SGDID:S000006727,tRNA_gene,CHR_10,524012,524093,"tRNA_gene ; ""Serine tRNA (tRNA-Ser) ; predicted by tRNAscan-SE analysis""",Genome Release 64-3-1
YNCJ0024W,SUF23,SGDID:S000006584,tRNA_gene,CHR_10,531828,531898,"""Glycine tRNA (tRNA-Gly); can mutate to suppress +1 frameshift mutations""",Genome Release 64-3-1
YNCJ0025W,HSX1,SGDID:S000006707,tRNA_gene,CHR_10,538555,538626,"""Arginine tRNA (tRNA-Arg) ; predicted by tRNAscan-SE analysis; low abundance tRNA required for growth on nonfermentable carbon sources at high temperatures ; for synthesis of heat shock protein Ssc1p ; and for Ty1 retrotransposition through the regulation of translational frameshifting""",Genome Release 64-3-1
YNCJ0026W,YNCJ0026W,SGDID:S000006539,tRNA_gene,CHR_10,541508,541579,"""Aspartate tRNA (tRNA-Asp) ; predicted by tRNAscan-SE analysis""",Genome Release 64-3-1
YNCJ0027C,SUP4,SGDID:S000006782,tRNA_gene,CHR_10,542956,542991,"tRNA_gene ; ""Tyrosine tRNA (tRNA-Tyr) ; predicted by tRNAscan-SE analysis; can mutate to suppress ochre nonsense mutations""",Genome Release 64-3-1
YNCJ0028C,IRT1,SGDID:S000178119,ncRNA_gene,CHR_10,605936,607424,"ncRNA_gene ; ""Long noncoding RNA that governs mating-type control of gametogenesis; located in the IME1 promoter; in haploids ; expression of IME1 ; the central inducer of gametogenesis ; is inhibited in cis by transcription of IRT1 ; which recruits the Set2p histone methyltransferase and the Set3p histone deacetylase complex to establish repressive chromatin at the IME1 promoter""",Genome Release 64-3-1
YNCJ0029W,YNCJ0029W,SGDID:S000006654,tRNA_gene,CHR_10,617919,617956,"""Leucine tRNA (tRNA-Leu) ; predicted by tRNAscan-SE analysis""",Genome Release 64-3-1
YNCJ0030W,SNR3,SGDID:S000006492,snoRNA_gene,CHR_10,663749,663942,"""H/ACA box small nucleolar RNA (snoRNA); guides pseudouridylation of large subunit (LSU) rRNA at positions U2129 ; U2133 ; and U2264""",Genome Release 64-3-1
YNCK0001W,SNR64,SGDID:S000006455,snoRNA_gene,CHR_11,38811,38911,"""C/D box small nucleolar RNA (snoRNA); guides 2'-O-methylation of large subunit (LSU) rRNA at position C2337""",Genome Release 64-3-1
YNCK0002C,TRT2,SGDID:S000006748,tRNA_gene,CHR_11,46735,46806,"tRNA_gene ; ""Threonine tRNA (tRNA-Thr) ; predicted by tRNAscan-SE analysis; correct folding and efficient aminoacylation require Lhp1p""",Genome Release 64-3-1
YNCK0003W,YNCK0003W,SGDID:S000006671,tRNA_gene,CHR_11,74624,74697,"""Asparagine tRNA (tRNA-Asn) ; predicted by tRNAscan-SE analysis""",Genome Release 64-3-1
YNCK0004W,YNCK0004W,SGDID:S000006651,tRNA_gene,CHR_11,84208,84291,"""Leucine tRNA (tRNA-Leu) ; predicted by tRNAscan-SE analysis""",Genome Release 64-3-1
YNCK0005C,YNCK0005C,SGDID:S000006558,tRNA_gene,CHR_11,141018,141089,"tRNA_gene ; ""Glutamate tRNA (tRNA-Glu) ; predicted by tRNAscan-SE analysis; thiolation of uridine at wobble position (34) requires Ncs6p""",Genome Release 64-3-1
YNCK0006C,YNCK0006C,SGDID:S000006716,tRNA_gene,CHR_11,162487,162558,"tRNA_gene ; ""Arginine tRNA (tRNA-Arg) ; predicted by tRNAscan-SE analysis; one of 11 nuclear tRNA genes containing the tDNA-anticodon UCU (converted to mcm5-UCU in the mature tRNA) ; decodes AGA codons into arginine ; one of 19 nuclear tRNAs for arginine""",Genome Release 64-3-1
YNCK0007W,YNCK0007W,SGDID:S000006626,tRNA_gene,CHR_11,202999,203071,"""Lysine tRNA (tRNA-Lys) ; predicted by tRNAscan-SE analysis; a small portion is imported into mitochondria via interaction with mt lysyl-tRNA synthetase Msk1p and is necessary to decode AAG codons at high temperature ; when base modification of mt-encoded tRNA-Lys is reduced""",Genome Release 64-3-1
YNCK0008W,YNCK0008W,SGDID:S000006515,tRNA_gene,CHR_11,219895,219967,"""Alanine tRNA (tRNA-Ala) ; predicted by tRNAscan-SE analysis; one of 11 nuclear tRNA genes containing the tDNA-anticodon AGC (converted to IGC in the mature tRNA) ; decodes GCU and GCC codons into alanine ; one of 16 nuclear tRNAs for alanine""",Genome Release 64-3-1
YNCK0009W,SNR38,SGDID:S000007301,snoRNA_gene,CHR_11,283185,283279,"""C/D box small nucleolar RNA (snoRNA); guides 2'-O-methylation of large subunit (LSU) rRNA at position G2815""",Genome Release 64-3-1
YNCK0010W,YNCK0010W,SGDID:S000006774,tRNA_gene,CHR_11,302918,302953,"""Tryptophan tRNA (tRNA-Trp) ; predicted by tRNAscan-SE analysis""",Genome Release 64-3-1
YNCK0011C,YNCK0011C,SGDID:S000006760,tRNA_gene,CHR_11,308144,308217,"tRNA_gene ; ""Valine tRNA (tRNA-Val) ; predicted by tRNAscan-SE analysis""",Genome Release 64-3-1
YNCK0012C,YNCK0012C,SGDID:S000006598,tRNA_gene,CHR_11,313401,313472,"tRNA_gene ; ""Histidine tRNA (tRNA-His) ; predicted by tRNAscan-SE analysis""",Genome Release 64-3-1
YNCK0013W,SNR69,SGDID:S000006460,snoRNA_gene,CHR_11,364776,364876,"""C/D box small nucleolar RNA (snoRNA); guides 2'-O-methylation of large subunit (LSU) rRNA at position C2948""",Genome Release 64-3-1
YNCK0014W,YNCK0014W,SGDID:S000006761,tRNA_gene,CHR_11,379680,379753,"""Valine tRNA (tRNA-Val) ; predicted by tRNAscan-SE analysis""",Genome Release 64-3-1
YNCK0015C,SNR87,SGDID:S000114301,snoRNA_gene,CHR_11,431030,431138,"snoRNA_gene ; ""C/D box small nucleolar RNA (snoRNA); guides 2'-O-methylation of small subunit (SSU) rRNA at position A436""",Genome Release 64-3-1
YNCK0016W,YNCK0016W,SGDID:S000006642,tRNA_gene,CHR_11,458557,458594,"""Leucine tRNA (tRNA-Leu) ; predicted by tRNAscan-SE analysis""",Genome Release 64-3-1
YNCK0017W,YNCK0017W,SGDID:S000006703,tRNA_gene,CHR_11,490968,491040,"""Arginine tRNA (tRNA-Arg) ; predicted by tRNAscan-SE analysis; one of 6 nuclear tRNA genes containing the tDNA-anticodon ACG (converted to ICG in the mature tRNA) ; decodes CGU ; CGC ; and probably CGA codons into arginine ; one of 19 nuclear tRNAs for arginine""",Genome Release 64-3-1
YNCK0018C,YNCK0018C,SGDID:S000006540,tRNA_gene,CHR_11,513332,513403,"tRNA_gene ; ""Aspartate tRNA (tRNA-Asp) ; predicted by tRNAscan-SE analysis""",Genome Release 64-3-1
YNCK0019W,YNCK0019W,SGDID:S000006516,tRNA_gene,CHR_11,517988,518060,"""Alanine tRNA (tRNA-Ala) ; predicted by tRNAscan-SE analysis; one of 11 nuclear tRNA genes containing the tDNA-anticodon AGC (converted to IGC in the mature tRNA) ; decodes GCU and GCC codons into alanine ; one of 16 nuclear tRNAs for alanine""",Genome Release 64-3-1
YNCK0020C,SNR42,SGDID:S000006502,snoRNA_gene,CHR_11,559016,559366,"snoRNA_gene ; ""H/ACA box small nucleolar RNA (snoRNA); guides pseudouridylation of large subunit (LSU) rRNA at position U2975""",Genome Release 64-3-1
YNCK0021W,YNCK0021W,SGDID:S000006632,tRNA_gene,CHR_11,578965,579001,"""Lysine tRNA (tRNA-Lys) ; predicted by tRNAscan-SE analysis; thiolation of uridine at wobble position (34) requires Ncs6p""",Genome Release 64-3-1
YNCL0001W,YNCL0001W,SGDID:S000006683,tRNA_gene,CHR_12,92548,92583,"""Proline tRNA (tRNA-Pro) ; predicted by tRNAscan-SE analysis; target of K. lactis zymocin""",Genome Release 64-3-1
YNCL0002C,YNCL0002C,SGDID:S000006728,tRNA_gene,CHR_12,167944,168025,"tRNA_gene ; ""Serine tRNA (tRNA-Ser) ; predicted by tRNAscan-SE analysis""",Genome Release 64-3-1
YNCL0003W,SNR30,SGDID:S000007497,snoRNA_gene,CHR_12,198784,199389,"""H/ACA box small nucleolar RNA (snoRNA); essential gene required for cleavage of 35S primary rRNA transcript to release the precursor to the 18S rRNA""",Genome Release 64-3-1
YNCL0004C,YNCL0004C,SGDID:S000006524,tRNA_gene,CHR_12,214883,214955,"tRNA_gene ; ""Alanine tRNA (tRNA-Ala) ; predicted by tRNAscan-SE analysis; one of 5 nuclear tRNA genes containing the tDNA-anticodon TGC (mature tRNA may be UGC or may contain modified bases) ; decodes GCA and probably GCG codons into alanine ; one of 16 nuclear tRNAs for alanine""",Genome Release 64-3-1
YNCL0005C,SNR79,SGDID:S000007313,snoRNA_gene,CHR_12,348427,348510,"snoRNA_gene ; ""C/D box small nucleolar RNA (snoRNA); guides 2'-O-methylation of small subunit (SSU) rRNA at position C1007""",Genome Release 64-3-1
YNCL0006W,SNR6,SGDID:S000006494,snRNA_gene,CHR_12,366235,366346,"""U6 spliceosomal RNA (U6 snRNA); mediates catalysis of pre-mRNA splicing by the spliceosome; interacts with U4; homology to U6 snRNA ; interacts with snr14""",Genome Release 64-3-1
YNCL0007W,YNCL0007W,SGDID:S000006704,tRNA_gene,CHR_12,374355,374427,"""Arginine tRNA (tRNA-Arg) ; predicted by tRNAscan-SE analysis; one of 6 nuclear tRNA genes containing the tDNA-anticodon ACG (converted to ICG in the mature tRNA) ; decodes CGU ; CGC ; and probably CGA codons into arginine ; one of 19 nuclear tRNAs for arginine""",Genome Release 64-3-1
YNCL0008W,YNCL0008W,SGDID:S000006541,tRNA_gene,CHR_12,427132,427203,"""Aspartate tRNA (tRNA-Asp) ; predicted by tRNAscan-SE analysis""",Genome Release 64-3-1
YNCL0009C,YNCL0009C,SGDID:S000006699,tRNA_gene,CHR_12,448650,448721,"tRNA_gene ; ""Glutamine tRNA (tRNA-Gln) ; predicted by tRNAscan-SE analysis; thiolation of uridine at wobble position (34) requires Ncs6p""",Genome Release 64-3-1
YNCL0010C,RDN37-1,SGDID:S000006486,rRNA_gene,CHR_12,451786,455181,"rRNA_gene ; ""35S ribosomal RNA (35S rRNA) transcript; encoded by the RDN1 locus; processed into the 25S ; 18S and 5.8S rRNAs (represented by the RDN25 ; RDN18 ; and RDN58 loci)""",Genome Release 64-3-1
YNCL0012C,RDN25-1,SGDID:S000006484,rRNA_gene,CHR_12,451786,455181,"rRNA_gene ; ""25S ribosomal RNA (25S rRNA); component of the large (60S) ribosomal subunit; encoded in the rDNA repeat (RDN1) as part of the 35S primary transcript; formed by endonucleolytic cleavage at the C2 site of internal transcribed spacer 2 (ITS2)""",Genome Release 64-3-1
YNCL0014C,RDN58-1,SGDID:S000006488,rRNA_gene,CHR_12,455414,455571,"rRNA_gene ; ""5.8S ribosomal RNA (5.8S rRNA); component of the large (60S) ribosomal subunit; encoded in the rDNA repeat (RDN1) as part of the 35S primary transcript; 3' end formation involves processing by the exosome complex while 5' end is generated by Kem1p and Rat1p""",Genome Release 64-3-1
YNCL0016C,RDN18-1,SGDID:S000006482,rRNA_gene,CHR_12,455933,457732,"rRNA_gene ; ""18S ribosomal RNA (18S rRNA); component of the small (40S) ribosomal subunit; involved in codon recognition by tRNAs or the release factor eRF1 (Sup45p); encoded in the rDNA repeat (RDN1) as part of the 35S primary transcript""",Genome Release 64-3-1
YNCL0018W,RDN5-1,SGDID:S000006479,rRNA_gene,CHR_12,459676,459796,"""5S ribosomal RNA (5S rRNA); only complete sequence of 6 repeated RDN5 alleles; able to support viability when provided as sole form of 5S rRNA; component of the large (60S) ribosomal subunit; localized to the nucleolus via interaction with Rpl5p; may play a role in translational frame fidelity; transcription is mediated by PolIII and activated by TFIIIA and TFIIIE""",Genome Release 64-3-1
YNCL0020C,RDN37-2,SGDID:S000006487,rRNA_gene,CHR_12,460923,464318,"rRNA_gene ; ""35S ribosomal RNA (35S rRNA) transcript; encoded by the RDN1 locus; processed into the 25S ; 18S and 5.8S rRNAs (represented by the RDN25 ; RDN18 ; and RDN58 loci)""",Genome Release 64-3-1
YNCL0021C,RDN25-2,SGDID:S000006485,rRNA_gene,CHR_12,460923,464318,"rRNA_gene ; ""25S ribosomal RNA (25S rRNA); component of the large (60S) ribosomal subunit; encoded in the rDNA repeat (RDN1) as part of the 35S primary transcript; formed by endonucleolytic cleavage at the C2 site of internal transcribed spacer 2 (ITS2)""",Genome Release 64-3-1
YNCL0023C,RDN58-2,SGDID:S000006489,rRNA_gene,CHR_12,464551,464708,"rRNA_gene ; ""5.8S ribosomal RNA (5.8S rRNA); component of the large (60S) ribosomal subunit; encoded in the rDNA repeat (RDN1)""",Genome Release 64-3-1
YNCL0025C,RDN18-2,SGDID:S000006483,rRNA_gene,CHR_12,465070,466869,"rRNA_gene ; ""18S ribosomal RNA (18S rRNA); component of the small (40S) ribosomal subunit; involved in codon recognition by tRNAs or the release factor eRF1 (Sup45p); encoded in the rDNA repeat (RDN1) as part of the 35S primary transcript""",Genome Release 64-3-1
YNCL0027W,RDN5-2,SGDID:S000006480,rRNA_gene,CHR_12,468813,468931,"""Variant 5S ribosomal rRNA (5S rRNA) gene; located within the RDN1 locus; unable to support cell viability when provided as sole source of 5S rRNA; identical in sequence to variant alleles RDN5-3 ; RDN5-4 ; and RDN5-5""",Genome Release 64-3-1
YNCL0028W,RDN5-3,SGDID:S000006481,rRNA_gene,CHR_12,472465,472583,"""Variant 5S ribosomal RNA (5S rRNA) gene; located at a site distal to the RDN1 locus; unable to support cell viability when provided as sole source of 5S rRNA; identical in sequence to variant alleles RDN5-2 ; RDN5-4 ; and RDN5-5""",Genome Release 64-3-1
YNCL0029W,RDN5-4,SGDID:S000029708,rRNA_gene,CHR_12,482045,482163,"""Variant 5S ribosomal rRNA (5S rRNA) gene; located at a site distal to the RDN1 locus; unable to support cell viability when provided as sole source of 5S rRNA; identical in sequence to variant alleles RDN5-2 ; RDN5-3 ; and RDN5-5""",Genome Release 64-3-1
YNCL0030W,RDN5-5,SGDID:S000029710,rRNA_gene,CHR_12,485697,485815,"""Variant 5S ribosomal rRNA (5S rRNA) gene; located at a site distal to the RDN1 locus; unable to support cell viability when provided as sole source of 5S rRNA; identical in sequence to variant alleles RDN5-2 ; RDN5-3 ; and RDN5-4""",Genome Release 64-3-1
YNCL0031W,RDN5-6,SGDID:S000029711,rRNA_gene,CHR_12,489349,489469,"""Variant 5S ribosomal rRNA (5S rRNA) gene; located at a site distal to the RDN1 locus""",Genome Release 64-3-1
YNCL0032C,YNCL0032C,SGDID:S000006655,tRNA_gene,CHR_12,592519,592562,"tRNA_gene ; ""Leucine tRNA (tRNA-Leu) ; predicted by tRNAscan-SE analysis""",Genome Release 64-3-1
YNCL0033C,YNCL0033C,SGDID:S000006614,tRNA_gene,CHR_12,605300,605335,"tRNA_gene ; ""Isoleucine tRNA (tRNA-Ile) ; predicted by tRNAscan-SE analysis""",Genome Release 64-3-1
YNCL0034W,YNCL0034W,SGDID:S000006643,tRNA_gene,CHR_12,628383,628420,"""Leucine tRNA (tRNA-Leu) ; predicted by tRNAscan-SE analysis""",Genome Release 64-3-1
YNCL0035C,YNCL0035C,SGDID:S000006517,tRNA_gene,CHR_12,656934,657006,"tRNA_gene ; ""Alanine tRNA (tRNA-Ala) ; predicted by tRNAscan-SE analysis; one of 11 nuclear tRNA genes containing the tDNA-anticodon AGC (converted to IGC in the mature tRNA) ; decodes GCU and GCC codons into alanine ; one of 16 nuclear tRNAs for alanine""",Genome Release 64-3-1
YNCL0036C,YNCL0036C,SGDID:S000006762,tRNA_gene,CHR_12,687859,687932,"tRNA_gene ; ""Valine tRNA (tRNA-Val) ; predicted by tRNAscan-SE analysis""",Genome Release 64-3-1
YNCL0037W,YNCL0037W,SGDID:S000006656,tRNA_gene,CHR_12,732090,732127,"""Leucine tRNA (tRNA-Leu) ; predicted by tRNAscan-SE analysis""",Genome Release 64-3-1
YNCL0038W,YNCL0038W,SGDID:S000006607,tRNA_gene,CHR_12,734802,734875,"""Isoleucine tRNA (tRNA-Ile) ; predicted by tRNAscan-SE analysis""",Genome Release 64-3-1
YNCL0039W,YNCL0039W,SGDID:S000006732,tRNA_gene,CHR_12,784354,784389,"""tRNA of undetermined specificity ; predicted by tRNAscan-SE analysis; very similar to serine tRNAs""",Genome Release 64-3-1
YNCL0040W,YNCL0040W,SGDID:S000006542,tRNA_gene,CHR_12,793918,793989,"""Aspartate tRNA (tRNA-Asp) ; predicted by tRNAscan-SE analysis""",Genome Release 64-3-1
YNCL0041C,SNR61,SGDID:S000006452,snoRNA_gene,CHR_12,794486,794575,"snoRNA_gene ; ""C/D box small nucleolar RNA (snoRNA); guides 2'-O-methylation of large subunit (LSU) rRNA at position A1133""",Genome Release 64-3-1
YNCL0042C,SNR55,SGDID:S000006446,snoRNA_gene,CHR_12,794697,794794,"snoRNA_gene ; ""C/D box small nucleolar RNA (snoRNA); predicted to guide 2'-O-methylation of small subunit (SSU) rRNA at position U1269""",Genome Release 64-3-1
YNCL0043C,SNR57,SGDID:S000006448,snoRNA_gene,CHR_12,794937,795024,"snoRNA_gene ; ""C/D box small nucleolar RNA (snoRNA); guides 2'-O-methylation of small subunit (SSU) rRNA at position G1572""",Genome Release 64-3-1
YNCL0044W,YNCL0044W,SGDID:S000006559,tRNA_gene,CHR_12,797178,797249,"""Glutamate tRNA (tRNA-Glu) ; predicted by tRNAscan-SE analysis; thiolation of uridine at wobble position (34) requires Ncs6p; target of K. lactis zymocin""",Genome Release 64-3-1
YNCL0045W,TRR4,SGDID:S000006706,tRNA_gene,CHR_12,818609,818680,"""Arginine tRNA (tRNA-Arg) ; predicted by tRNAscan-SE analysis; single essential nuclear tRNA gene containing the tDNA-anticodon CCG (presumably CCG in the mature tRNA) ; decodes CGG codons into arginine ; one of 19 nuclear tRNAs for arginine; correct folding and efficient aminoacylation require Lhp1p""",Genome Release 64-3-1
YNCL0046W,SNR44,SGDID:S000006504,snoRNA_gene,CHR_12,856710,856920,"""H/ACA box small nucleolar RNA (snoRNA); guides pseudouridylation of large subunit (LSU) rRNA at position U1056 and small subunit (SSU) rRNA at position U106""",Genome Release 64-3-1
YNCL0047W,YNCL0047W,SGDID:S000006633,tRNA_gene,CHR_12,875376,875412,"""Lysine tRNA (tRNA-Lys) ; predicted by tRNAscan-SE analysis; thiolation of uridine at wobble position (34) requires Ncs6p""",Genome Release 64-3-1
YNCL0048W,SNR34,SGDID:S000006500,snoRNA_gene,CHR_12,899180,899382,"""H/ACA box small nucleolar RNA (snoRNA); guides pseudouridylation of large subunit (LSU) rRNA at positions U2826 and U2880""",Genome Release 64-3-1
YNCL0049C,YNCL0049C,SGDID:S000006652,tRNA_gene,CHR_12,962972,963055,"tRNA_gene ; ""Leucine tRNA (tRNA-Leu) ; predicted by tRNAscan-SE analysis""",Genome Release 64-3-1
YNCL0050C,YNCL0050C,SGDID:S000006672,tRNA_gene,CHR_12,975983,976056,"tRNA_gene ; ""Asparagine tRNA (tRNA-Asn) ; predicted by tRNAscan-SE analysis""",Genome Release 64-3-1
YNCL0051C,YNCL0051C,SGDID:S000006608,tRNA_gene,CHR_12,1052071,1052144,"tRNA_gene ; ""Isoleucine tRNA (tRNA-Ile) ; predicted by tRNAscan-SE analysis""",Genome Release 64-3-1
YNCM0001W,YNCM0001W,SGDID:S000303814,ncRNA_gene,CHR_13,23564,26578,"""Antisense to PHO84 and 5'-end of YML122C; represses transcription of PHO84 through histone deacetylation""",Genome Release 64-3-1
YNCM0002C,SNR85,SGDID:S000081376,snoRNA_gene,CHR_13,67768,67938,"snoRNA_gene ; ""H/ACA box small nucleolar RNA (snoRNA); predicted to guide pseudouridylation of small subunit (SSU) rRNA at position U1181""",Genome Release 64-3-1
YNCM0003W,ZOD1,SGDID:S000077071,ncRNA_gene,CHR_13,91970,92027,"""tDNA relic ; ancient tDNA for tRNA-Ile; weakly transcribed by RNA polymerase III; located upstream of UFO1; associated with components of the Pol III machinery: Tfc4p ; Brf1p ; Bdp1 ; and Rpc34p""",Genome Release 64-3-1
YNCM0004C,YNCM0004C,SGDID:S000006718,tRNA_gene,CHR_13,131825,131896,"tRNA_gene ; ""Arginine tRNA (tRNA-Arg) ; predicted by tRNAscan-SE analysis; one of 11 nuclear tRNA genes containing the tDNA-anticodon UCU (converted to mcm5-UCU in the mature tRNA) ; decodes AGA codons into arginine ; one of 19 nuclear tRNAs for arginine""",Genome Release 64-3-1
YNCM0005C,SNR54,SGDID:S000006445,snoRNA_gene,CHR_13,163535,163620,"snoRNA_gene ; ""C/D box small nucleolar RNA (snoRNA); guides 2'-O-methylation of small subunit (SSU) rRNA at position A974""",Genome Release 64-3-1
YNCM0006W,SUP5,SGDID:S000006783,tRNA_gene,CHR_13,168795,168833,"""Tyrosine tRNA (tRNA-Tyr) ; predicted by tRNAscan-SE analysis; can mutate to suppress ochre nonsense mutations""",Genome Release 64-3-1
YNCM0007C,YNCM0007C,SGDID:S000006585,tRNA_gene,CHR_13,183898,183968,"tRNA_gene ; ""Glycine tRNA (tRNA-Gly) ; predicted by tRNAscan-SE analysis""",Genome Release 64-3-1
YNCM0008C,SUF7,SGDID:S000006684,tRNA_gene,CHR_13,196068,196103,"tRNA_gene ; ""Proline tRNA (tRNA-Pro) ; predicted by tRNAscan-SE analysis; target of K. lactis zymocin; can mutate to suppress +1 frameshift mutations in proline codons""",Genome Release 64-3-1
YNCM0009C,YNCM0009C,SGDID:S000006729,tRNA_gene,CHR_13,259158,259239,"tRNA_gene ; ""Serine tRNA (tRNA-Ser) ; predicted by tRNAscan-SE analysis""",Genome Release 64-3-1
YNCM0010W,YNCM0010W,SGDID:S000006560,tRNA_gene,CHR_13,290801,290872,"""Glutamate tRNA (tRNA-Glu) ; predicted by tRNAscan-SE analysis; thiolation of uridine at wobble position (34) requires Ncs6p""",Genome Release 64-3-1
YNCM0011W,SNR78,SGDID:S000007312,snoRNA_gene,CHR_13,297278,297364,"""C/D box small nucleolar RNA (snoRNA); guides 2'-O-methylation of large subunit (LSU) rRNA at position U2421""",Genome Release 64-3-1
YNCM0012W,SNR77,SGDID:S000007311,snoRNA_gene,CHR_13,297506,297593,"""C/D box small nucleolar RNA (snoRNA); guides 2'-O-methylation of small subunit (SSU) rRNA at position U578""",Genome Release 64-3-1
YNCM0013W,SNR76,SGDID:S000007310,snoRNA_gene,CHR_13,297725,297833,"""C/D box small nucleolar RNA (snoRNA); guides 2'-O-methylation of large subunit (LSU) rRNA at position C2197""",Genome Release 64-3-1
YNCM0014W,SNR75,SGDID:S000007309,snoRNA_gene,CHR_13,297918,298006,"""C/D box small nucleolar RNA (snoRNA); guides 2'-O-methylation of large subunit (LSU) rRNA at position G2288""",Genome Release 64-3-1
YNCM0015W,SNR74,SGDID:S000007308,snoRNA_gene,CHR_13,298138,298225,"""C/D box small nucleolar RNA (snoRNA); guides 2'-O-methylation of small subunit (SSU) rRNA at position A28""",Genome Release 64-3-1
YNCM0016W,SNR73,SGDID:S000007307,snoRNA_gene,CHR_13,298307,298412,"""C/D box small nucleolar RNA (snoRNA); guides 2'-O-methylation of large subunit (LSU) rRNA at position C2959""",Genome Release 64-3-1
YNCM0017W,SNR72,SGDID:S000007306,snoRNA_gene,CHR_13,298554,298651,"""C/D box small nucleolar RNA (snoRNA); guides 2'-O-methylation of large subunit (LSU) rRNA at position A876""",Genome Release 64-3-1
YNCM0018C,YNCM0018C,SGDID:S000006518,tRNA_gene,CHR_13,321147,321219,"tRNA_gene ; ""Alanine tRNA (tRNA-Ala) ; predicted by tRNAscan-SE analysis; one of 11 nuclear tRNA genes containing the tDNA-anticodon AGC (converted to IGC in the mature tRNA) ; decodes GCU and GCC codons into alanine ; one of 16 nuclear tRNAs for alanine""",Genome Release 64-3-1
YNCM0019W,YNCM0019W,SGDID:S000006568,tRNA_gene,CHR_13,352280,352316,"""Phenylalanine tRNA (tRNA-Phe) ; predicted by tRNAscan-SE analysis""",Genome Release 64-3-1
YNCM0020W,YNCM0020W,SGDID:S000006599,tRNA_gene,CHR_13,363064,363135,"""Histidine tRNA (tRNA-His) ; predicted by tRNAscan-SE analysis""",Genome Release 64-3-1
YNCM0021C,YNCM0021C,SGDID:S000006763,tRNA_gene,CHR_13,372445,372518,"tRNA_gene ; ""Valine tRNA (tRNA-Val) ; predicted by tRNAscan-SE analysis""",Genome Release 64-3-1
YNCM0022C,YNCM0022C,SGDID:S000006775,tRNA_gene,CHR_13,379303,379338,"tRNA_gene ; ""Tryptophan tRNA (tRNA-Trp) ; predicted by tRNAscan-SE analysis""",Genome Release 64-3-1
YNCM0023C,YNCM0023C,SGDID:S000006764,tRNA_gene,CHR_13,420588,420661,"tRNA_gene ; ""Valine tRNA (tRNA-Val) ; predicted by tRNAscan-SE analysis""",Genome Release 64-3-1
YNCM0024W,YNCM0024W,SGDID:S000006543,tRNA_gene,CHR_13,463554,463625,"""Aspartate tRNA (tRNA-Asp) ; predicted by tRNAscan-SE analysis""",Genome Release 64-3-1
YNCM0025C,YNCM0025C,SGDID:S000006627,tRNA_gene,CHR_13,480621,480693,"tRNA_gene ; ""Lysine tRNA (tRNA-Lys) ; predicted by tRNAscan-SE analysis; a small portion is imported into mitochondria via interaction with mt lysyl-tRNA synthetase Msk1p and is necessary to decode AAG codons at high temperature ; when base modification of mt-encoded tRNA-Lys is reduced""",Genome Release 64-3-1
YNCM0026C,SNR24,SGDID:S000007501,snoRNA_gene,CHR_13,499984,500072,"snoRNA_gene ; ""C/D box small nucleolar RNA (snoRNA); commonly referred to as U24; guides 2'-O-methylation of large subunit (LSU) rRNA at positions C1437 ; C1449 ; and C1450""",Genome Release 64-3-1
YNCM0027W,YNCM0027W,SGDID:S000006644,tRNA_gene,CHR_13,504895,504932,"""Leucine tRNA (tRNA-Leu) ; predicted by tRNAscan-SE analysis""",Genome Release 64-3-1
YNCM0028C,EMT4,SGDID:S000006664,tRNA_gene,CHR_13,572883,572955,"tRNA_gene ; ""Methionine tRNA (tRNA-Met) ; functions in translational elongation; not involved in translational initiation; predicted by tRNAscan-SE analysis""",Genome Release 64-3-1
YNCM0029C,YNCM0029C,SGDID:S000006765,tRNA_gene,CHR_13,586636,586709,"tRNA_gene ; ""Valine tRNA (tRNA-Val) ; predicted by tRNAscan-SE analysis""",Genome Release 64-3-1
YNCM0030W,SNR83,SGDID:S000028468,snoRNA_gene,CHR_13,626349,626654,"""H/ACA box small nucleolar RNA (snoRNA); guides pseudouridylation of small subunit (SSU) rRNA at positions U1290 and U1415""",Genome Release 64-3-1
YNCM0031W,SNR11,SGDID:S000007293,snoRNA_gene,CHR_13,652275,652532,"""H/ACA box small nucleolar RNA (snoRNA); guides pseudouridylation of large subunit (LSU) rRNA at position U2416""",Genome Release 64-3-1
YNCM0032C,RNA170,SGDID:S000114171,ncRNA_gene,CHR_13,667288,667456,"ncRNA_gene ; ""RNA of unknown function transcribed by RNA polymerase III; conserved in other yeast species""",Genome Release 64-3-1
YNCM0033C,YNCM0033C,SGDID:S000006717,tRNA_gene,CHR_13,747892,747963,"tRNA_gene ; ""Arginine tRNA (tRNA-Arg) ; predicted by tRNAscan-SE analysis; one of 11 nuclear tRNA genes containing the tDNA-anticodon UCU (converted to mcm5-UCU in the mature tRNA) ; decodes AGA codons into arginine ; one of 19 nuclear tRNAs for arginine""",Genome Release 64-3-1
YNCM0034C,SNR86,SGDID:S000119075,snoRNA_gene,CHR_13,762110,763113,"snoRNA_gene ; ""H/ACA box small nucleolar RNA (snoRNA); guides pseudouridylation of large subunit (LSU) rRNA at position U2314""",Genome Release 64-3-1
YNCM0035C,YNCM0035C,SGDID:S000006519,tRNA_gene,CHR_13,768369,768441,"tRNA_gene ; ""Alanine tRNA (tRNA-Ala) ; predicted by tRNAscan-SE analysis; one of 11 nuclear tRNA genes containing the tDNA-anticodon AGC (converted to IGC in the mature tRNA) ; decodes GCU and GCC codons into alanine ; one of 16 nuclear tRNAs for alanine""",Genome Release 64-3-1
YNCM0036C,CDC65,SGDID:S000006690,tRNA_gene,CHR_13,808246,808317,"tRNA_gene ; ""Glutamine tRNA (tRNA-Gln) ; predicted by tRNAscan-SE analysis; can mutate to cause constitutive pseudohyphal growth in homozygous diploids; required for localization of transcription factor Gln3p to the nucleus in response to nitrogen starvation or rapamycin treatment""",Genome Release 64-3-1
YNCM0037W,SUP8,SGDID:S000006784,tRNA_gene,CHR_13,837928,837966,"""Tyrosine tRNA (tRNA-Tyr) ; predicted by tRNAscan-SE analysis; can mutate to suppress ochre nonsense mutations""",Genome Release 64-3-1
YNCN0001W,SNR40,SGDID:S000007304,snoRNA_gene,CHR_14,89210,89306,"""C/D box small nucleolar RNA (snoRNA); guides 2'-O-methylation of large subunit (LSU) rRNA at position U898 and small subunit (SSU) rRNA at position G1271""",Genome Release 64-3-1
YNCN0002C,SUF6,SGDID:S000006591,tRNA_gene,CHR_14,96241,96312,"tRNA_gene ; ""Glycine tRNA (tRNA-Gly) ; predicted by tRNAscan-SE analysis; can mutate to suppress +1 frameshift mutations in glycine codons""",Genome Release 64-3-1
YNCN0003W,YNCN0003W,SGDID:S000006673,tRNA_gene,CHR_14,102716,102789,"""Asparagine tRNA (tRNA-Asn) ; predicted by tRNAscan-SE analysis""",Genome Release 64-3-1
YNCN0004W,YNCN0004W,SGDID:S000006744,tRNA_gene,CHR_14,104805,104877,"""Threonine tRNA (tRNA-Thr) ; predicted by tRNAscan-SE analysis""",Genome Release 64-3-1
YNCN0005C,SNR19,SGDID:S000007295,snRNA_gene,CHR_14,230105,230672,"snRNA_gene ; ""U1 spliceosomal RNA (U1 snRNA); snRNA U1 homolog""",Genome Release 64-3-1
YNCN0006W,YNCN0006W,SGDID:S000006569,tRNA_gene,CHR_14,374869,374905,"""Phenylalanine tRNA (tRNA-Phe) ; predicted by tRNAscan-SE analysis""",Genome Release 64-3-1
YNCN0007W,YNCN0007W,SGDID:S000006645,tRNA_gene,CHR_14,443006,443043,"""Leucine tRNA (tRNA-Leu) ; predicted by tRNAscan-SE analysis""",Genome Release 64-3-1
YNCN0008C,YNCN0008C,SGDID:S000006544,tRNA_gene,CHR_14,519099,519169,"tRNA_gene ; ""Aspartate tRNA (tRNA-Asp) ; predicted by tRNAscan-SE analysis""",Genome Release 64-3-1
YNCN0009W,YNCN0009W,SGDID:S000006685,tRNA_gene,CHR_14,547094,547129,"""Proline tRNA (tRNA-Pro) ; predicted by tRNAscan-SE analysis; target of K. lactis zymocin""",Genome Release 64-3-1
YNCN0010C,YNCN0010C,SGDID:S000006745,tRNA_gene,CHR_14,560693,560765,"tRNA_gene ; ""Threonine tRNA (tRNA-Thr) ; predicted by tRNAscan-SE analysis""",Genome Release 64-3-1
YNCN0011W,YNCN0011W,SGDID:S000006686,tRNA_gene,CHR_14,568115,568150,"""Proline tRNA (tRNA-Pro) ; predicted by tRNAscan-SE analysis; target of K. lactis zymocin""",Genome Release 64-3-1
YNCN0012C,YNCN0012C,SGDID:S000006609,tRNA_gene,CHR_14,569867,569940,"tRNA_gene ; ""Isoleucine tRNA (tRNA-Ile) ; predicted by tRNAscan-SE analysis""",Genome Release 64-3-1
YNCN0013W,NME1,SGDID:S000007436,snoRNA_gene,CHR_14,585587,585926,"""RNA component of RNase MRP; RNase MRP cleaves pre-rRNA and has a role in cell cycle-regulated degradation of daughter cell-specific mRNAs; human ortholog is implicated in cartilage-hair hypoplasia (CHH)""",Genome Release 64-3-1
YNCN0014W,SNR66,SGDID:S000006457,snoRNA_gene,CHR_14,586090,586175,"""C/D box small nucleolar RNA (snoRNA); guides 2'-O-methylation of large subunit (LSU) rRNA at position U2417""",Genome Release 64-3-1
YNCN0015W,YNCN0015W,SGDID:S000006610,tRNA_gene,CHR_14,602312,602385,"""Isoleucine tRNA (tRNA-Ile) ; predicted by tRNAscan-SE analysis""",Genome Release 64-3-1
YNCN0016C,SUF10,SGDID:S000006679,tRNA_gene,CHR_14,631846,631917,"tRNA_gene ; ""Proline tRNA (tRNA-Pro) ; predicted by tRNAscan-SE analysis; can mutate to suppress +1 frameshift mutations in proline codons""",Genome Release 64-3-1
YNCN0017W,YNCN0017W,SGDID:S000006674,tRNA_gene,CHR_14,632599,632672,"""Asparagine tRNA (tRNA-Asn) ; predicted by tRNAscan-SE analysis""",Genome Release 64-3-1
YNCN0018W,SNR49,SGDID:S000007460,snoRNA_gene,CHR_14,716120,716284,"""H/ACA box small nucleolar RNA (snoRNA); guides pseudouridylation of large subunit (LSU) rRNA at position U990 and small subunit (SSU) rRNA at positions U120 ; U211 ; and U302""",Genome Release 64-3-1
YNCN0019C,SNR191,SGDID:S000029463,snoRNA_gene,CHR_14,721938,722211,"snoRNA_gene ; ""H/ACA box small nucleolar RNA (snoRNA); guides pseudouridylation of large subunit (LSU) rRNA at positions U2258 and U2260; encoded within the intron of NOG2/YNR053C""",Genome Release 64-3-1
YNCN0020C,YNCN0020C,SGDID:S000006653,tRNA_gene,CHR_14,726134,726217,"tRNA_gene ; ""Leucine tRNA (tRNA-Leu) ; predicted by tRNAscan-SE analysis""",Genome Release 64-3-1
YNCO0001C,SUF1,SGDID:S000006592,tRNA_gene,CHR_15,110962,111033,"tRNA_gene ; ""Glycine tRNA (tRNA-Gly) ; predicted by tRNAscan-SE analysis; can mutate to suppress +1 frameshift mutations in glycine codons""",Genome Release 64-3-1
YNCO0002W,YNCO0002W,SGDID:S000006746,tRNA_gene,CHR_15,113802,113874,"""Threonine tRNA (tRNA-Thr) ; predicted by tRNAscan-SE analysis""",Genome Release 64-3-1
YNCO0003C,SNR58,SGDID:S000006449,snoRNA_gene,CHR_15,136088,136183,"snoRNA_gene ; ""C/D box small nucleolar RNA (snoRNA); guides 2'-O-methylation of large subunit (LSU) rRNA at position C663""",Genome Release 64-3-1
YNCO0004C,YNCO0004C,SGDID:S000006586,tRNA_gene,CHR_15,226611,226681,"tRNA_gene ; ""Glycine tRNA (tRNA-Gly) ; predicted by tRNAscan-SE analysis""",Genome Release 64-3-1
YNCO0005W,YNCO0005W,SGDID:S000006675,tRNA_gene,CHR_15,228331,228404,"""Asparagine tRNA (tRNA-Asn) ; predicted by tRNAscan-SE analysis""",Genome Release 64-3-1
YNCO0006W,SNR81,SGDID:S000081375,snoRNA_gene,CHR_15,234346,234546,"""H/ACA box small nucleolar RNA (snoRNA); guides pseudouridylation of large subunit (LSU) rRNA at position U1052 ; constitutive pseudouridylation of U2 snRNA (LSR1) at position 42 ; and stress-induced U2 pseudouridylation at position 93""",Genome Release 64-3-1
YNCO0007W,SNR50,SGDID:S000006441,snoRNA_gene,CHR_15,259489,259578,"""C/D box small nucleolar RNA (snoRNA); guides 2'-O-methylation of large subunit (LSU) rRNA at position G867""",Genome Release 64-3-1
YNCO0008W,YNCO0008W,SGDID:S000006733,tRNA_gene,CHR_15,274673,274709,"""Serine tRNA (tRNA-Ser) ; predicted by tRNAscan-SE analysis""",Genome Release 64-3-1
YNCO0009W,SUF17,SGDID:S000006587,tRNA_gene,CHR_15,282164,282234,"""Glycine tRNA (tRNA-Gly) ; predicted by tRNAscan-SE analysis; can mutate to suppress +1 frameshift mutations in glycine codons""",Genome Release 64-3-1
YNCO0010W,SUP3,SGDID:S000006785,tRNA_gene,CHR_15,288192,288230,"""Tyrosine tRNA (tRNA-Tyr) ; predicted by tRNAscan-SE analysis; can mutate to suppress ochre nonsense mutations""",Genome Release 64-3-1
YNCO0011W,YNCO0011W,SGDID:S000006687,tRNA_gene,CHR_15,301097,301132,"""Proline tRNA (tRNA-Pro) ; predicted by tRNAscan-SE analysis; target of K. lactis zymocin""",Genome Release 64-3-1
YNCO0012C,YNCO0012C,SGDID:S000006705,tRNA_gene,CHR_15,340299,340371,"tRNA_gene ; ""Arginine tRNA (tRNA-Arg) ; predicted by tRNAscan-SE analysis; one of 6 nuclear tRNA genes containing the tDNA-anticodon ACG (converted to ICG in the mature tRNA) ; decodes CGU ; CGC ; and probably CGA codons into arginine ; one of 19 nuclear tRNAs for arginine""",Genome Release 64-3-1
YNCO0013C,YNCO0013C,SGDID:S000006747,tRNA_gene,CHR_15,354041,354113,"tRNA_gene ; ""Threonine tRNA (tRNA-Thr) ; predicted by tRNAscan-SE analysis""",Genome Release 64-3-1
YNCO0014C,SNR9,SGDID:S000007292,snoRNA_gene,CHR_15,407948,408134,"snoRNA_gene ; ""H/ACA box small nucleolar RNA (snoRNA); guides pseudouridylation of large subunit (LSU) rRNA at position U2340 and U2345""",Genome Release 64-3-1
YNCO0015C,SNR62,SGDID:S000006453,snoRNA_gene,CHR_15,409765,409864,"snoRNA_gene ; ""C/D box small nucleolar RNA (snoRNA); guides 2'-O-methylation of large subunit (LSU) rRNA at position U1888""",Genome Release 64-3-1
YNCO0016W,YNCO0016W,SGDID:S000006634,tRNA_gene,CHR_15,438643,438679,"""Lysine tRNA (tRNA-Lys) ; predicted by tRNAscan-SE analysis; thiolation of uridine at wobble position (34) requires Ncs6p""",Genome Release 64-3-1
YNCO0017W,SUF11,SGDID:S000006688,tRNA_gene,CHR_15,464450,464485,"""Proline tRNA (tRNA-Pro) ; predicted by tRNAscan-SE analysis; target of K. lactis zymocin; can mutate to suppress +1 frameshift mutations in proline codons""",Genome Release 64-3-1
YNCO0018W,YNCO0018W,SGDID:S000006676,tRNA_gene,CHR_15,487439,487512,"""Asparagine tRNA (tRNA-Asn) ; predicted by tRNAscan-SE analysis""",Genome Release 64-3-1
YNCO0019W,YNCO0019W,SGDID:S000006545,tRNA_gene,CHR_15,571958,572029,"""Aspartate tRNA (tRNA-Asp) ; predicted by tRNAscan-SE analysis""",Genome Release 64-3-1
YNCO0020C,SUF5,SGDID:S000006573,tRNA_gene,CHR_15,594354,594425,"tRNA_gene ; ""Glycine tRNA (tRNA-Gly) ; predicted by tRNAscan-SE analysis; can mutate to suppress +1 frameshift mutations in glycine codons""",Genome Release 64-3-1
YNCO0021C,YNCO0021C,SGDID:S000006766,tRNA_gene,CHR_15,663812,663885,"tRNA_gene ; ""Valine tRNA (tRNA-Val) ; predicted by tRNAscan-SE analysis""",Genome Release 64-3-1
YNCO0022C,SNR36,SGDID:S000007300,snoRNA_gene,CHR_15,680685,680866,"snoRNA_gene ; ""H/ACA box small nucleolar RNA (snoRNA); guides pseudouridylation of small subunit (SSU) rRNA at position U1187""",Genome Release 64-3-1
YNCO0023W,IMT1,SGDID:S000006665,tRNA_gene,CHR_15,710201,710272,"""Methionine initiator tRNA (tRNA-Met); predicted by tRNAscan-SE analysis; one of four initiator methionine tRNAs in yeast that are functional for translation""",Genome Release 64-3-1
YNCO0024C,SNR35,SGDID:S000007299,snoRNA_gene,CHR_15,759326,759529,"snoRNA_gene ; ""H/ACA box small nucleolar RNA (snoRNA); predicted to guide pseudouridylation of small subunit (SSU) rRNA at position 1191""",Genome Release 64-3-1
YNCO0025W,SNR17A,SGDID:S000007294,snoRNA_gene,CHR_15,780107,780120,"""Small nucleolar RNA (snoRNA) U3; part of Small ribosomal SubUnit (SSU) processosome; SNR17B also encodes snoRNA U3""",Genome Release 64-3-1
YNCO0026W,SNR8,SGDID:S000006497,snoRNA_gene,CHR_15,832332,832521,"""H/ACA box small nucleolar RNA (snoRNA); guides pseudouridylation of large subunit (LSU) rRNA at positions U960 and U986""",Genome Release 64-3-1
YNCO0027C,SNR31,SGDID:S000007296,snoRNA_gene,CHR_15,841958,842182,"snoRNA_gene ; ""H/ACA box small nucleolar RNA (snoRNA); guides pseudouridylation of small subunit (SSU) rRNA at position U999""",Genome Release 64-3-1
YNCO0028W,SNR5,SGDID:S000007291,snoRNA_gene,CHR_15,842403,842606,"""H/ACA box small nucleolar RNA (snoRNA); guides pseudouridylation of large subunit (LSU) rRNA at positions U1004 and U1124""",Genome Release 64-3-1
YNCO0029C,YNCO0029C,SGDID:S000006525,tRNA_gene,CHR_15,854187,854259,"tRNA_gene ; ""Alanine tRNA (tRNA-Ala) ; predicted by tRNAscan-SE analysis; one of 5 nuclear tRNA genes containing the tDNA-anticodon TGC (mature tRNA may be UGC or may contain modified bases) ; decodes GCA and probably GCG codons into alanine ; one of 16 nuclear tRNAs for alanine""",Genome Release 64-3-1
YNCO0030W,EMT2,SGDID:S000006666,tRNA_gene,CHR_15,976421,976493,"""Methionine tRNA (tRNA-Met) ; functions in translational elongation; not involved in translational initiation; predicted by tRNAscan-SE analysis""",Genome Release 64-3-1
YNCO0031W,YNCO0031W,SGDID:S000006689,tRNA_gene,CHR_15,980683,980718,"""Proline tRNA (tRNA-Pro) ; predicted by tRNAscan-SE analysis; target of K. lactis zymocin""",Genome Release 64-3-1
YNCP0001C,YNCP0001C,SGDID:S000006776,tRNA_gene,CHR_16,56169,56204,"tRNA_gene ; ""Tryptophan tRNA (tRNA-Trp) ; predicted by tRNAscan-SE analysis""",Genome Release 64-3-1
YNCP0002W,YNCP0002W,SGDID:S000303815,ncRNA_gene,CHR_16,79562,82648,"""Antisense to GAL4/YPL248C; influences expression of GAL4 mRNA""",Genome Release 64-3-1
YNCP0003W,SNR59,SGDID:S000006450,snoRNA_gene,CHR_16,173827,173904,"""C/D box small nucleolar RNA (snoRNA); guides 2'-O-methylation of large subunit (LSU) rRNA at position A807""",Genome Release 64-3-1
YNCP0004C,YNCP0004C,SGDID:S000006561,tRNA_gene,CHR_16,210192,210263,"tRNA_gene ; ""Glutamate tRNA (tRNA-Glu) ; predicted by tRNAscan-SE analysis; thiolation of uridine at wobble position (34) requires Ncs6p; target of K. lactis zymocin""",Genome Release 64-3-1
YNCP0005C,SNR17B,SGDID:S000007441,snoRNA_gene,CHR_16,281056,281373,"snoRNA_gene ; ""Small nucleolar RNA (snoRNA) U3; part of small (ribosomal) subunit (SSU) processosome; SNR17A also encodes snoRNA U3""",Genome Release 64-3-1
YNCP0006C,IMT2,SGDID:S000006667,tRNA_gene,CHR_16,338848,338919,"tRNA_gene ; ""Methionine initiator tRNA (tRNA-Met); predicted by tRNAscan-SE analysis; one of four initiator methionine tRNAs in yeast that are functional for translation""",Genome Release 64-3-1
YNCP0007C,YNCP0007C,SGDID:S000006528,tRNA_gene,CHR_16,435893,435964,"tRNA_gene ; ""Cysteine tRNA (tRNA-Cys) ; predicted by tRNAscan-SE analysis""",Genome Release 64-3-1
YNCP0008C,YNCP0008C,SGDID:S000006570,tRNA_gene,CHR_16,560198,560233,"tRNA_gene ; ""Phenylalanine tRNA (tRNA-Phe) ; predicted by tRNAscan-SE analysis""",Genome Release 64-3-1
YNCP0009W,YNCP0009W,SGDID:S000006588,tRNA_gene,CHR_16,572269,572339,"""Glycine tRNA (tRNA-Gly) ; predicted by tRNAscan-SE analysis""",Genome Release 64-3-1
YNCP0010W,YNCP0010W,SGDID:S000006628,tRNA_gene,CHR_16,582062,582134,"""Lysine tRNA (tRNA-Lys) ; predicted by tRNAscan-SE analysis; a small portion is imported into mitochondria via interaction with mt lysyl-tRNA synthetase Msk1p and is necessary to decode AAG codons at high temperature ; when base modification of mt-encoded tRNA-Lys is reduced""",Genome Release 64-3-1
YNCP0011C,YNCP0011C,SGDID:S000006571,tRNA_gene,CHR_16,622540,622575,"tRNA_gene ; ""Phenylalanine tRNA (tRNA-Phe) ; predicted by tRNAscan-SE analysis""",Genome Release 64-3-1
YNCP0012W,SUP16,SGDID:S000006736,tRNA_gene,CHR_16,689565,689646,"""Serine tRNA (tRNA-Ser) ; predicted by tRNAscan-SE analysis; can mutate to suppress ochre nonsense mutations""",Genome Release 64-3-1
YNCP0013C,SNR51,SGDID:S000006442,snoRNA_gene,CHR_16,718700,718806,"snoRNA_gene ; ""C/D box small nucleolar RNA (snoRNA); guides 2'-O-methylation of large subunit (LSU) rRNA at position U2729 and small subunit (SSU) rRNA at position A100""",Genome Release 64-3-1
YNCP0014C,SNR70,SGDID:S000006461,snoRNA_gene,CHR_16,718887,719050,"snoRNA_gene ; ""C/D box small nucleolar RNA (snoRNA); predicted to guide 2'-O-methylation of small subunit (SSU) rRNA at position C1639""",Genome Release 64-3-1
YNCP0015C,SNR41,SGDID:S000007305,snoRNA_gene,CHR_16,719148,719242,"snoRNA_gene ; ""C/D box small nucleolar RNA (snoRNA); guides 2'-O-methylation of small subunit (SSU) rRNA at positions A541 and G1126""",Genome Release 64-3-1
YNCP0016W,YNCP0016W,SGDID:S000006752,tRNA_gene,CHR_16,744284,744355,"""Threonine tRNA (tRNA-Thr) ; predicted by tRNAscan-SE analysis""",Genome Release 64-3-1
YNCP0017C,YNCP0017C,SGDID:S000006635,tRNA_gene,CHR_16,769207,769242,"tRNA_gene ; ""Lysine tRNA (tRNA-Lys) ; predicted by tRNAscan-SE analysis; thiolation of uridine at wobble position (34) requires Ncs6p""",Genome Release 64-3-1
YNCP0018C,YNCP0018C,SGDID:S000006529,tRNA_gene,CHR_16,775765,775836,"tRNA_gene ; ""Cysteine tRNA (tRNA-Cys) ; predicted by tRNAscan-SE analysis""",Genome Release 64-3-1
YNCP0019W,YNCP0019W,SGDID:S000006677,tRNA_gene,CHR_16,810676,810749,"""Asparagine tRNA (tRNA-Asn) ; predicted by tRNAscan-SE analysis""",Genome Release 64-3-1
YNCP0020W,YNCP0020W,SGDID:S000006611,tRNA_gene,CHR_16,819529,819602,"""Isoleucine tRNA (tRNA-Ile) ; predicted by tRNAscan-SE analysis""",Genome Release 64-3-1
YNCP0021W,SNR45,SGDID:S000006505,snoRNA_gene,CHR_16,821732,821903,"""C/D box small nucleolar RNA (snoRNA) but not shown to be active; no target site is predicted within the ribosomal RNAs""",Genome Release 64-3-1
YNCP0022W,YNCP0022W,SGDID:S000006520,tRNA_gene,CHR_16,856902,856974,"""Alanine tRNA (tRNA-Ala) ; predicted by tRNAscan-SE analysis; one of 11 nuclear tRNA genes containing the tDNA-anticodon AGC (converted to IGC in the mature tRNA) ; decodes GCU and GCC codons into alanine ; one of 16 nuclear tRNAs for alanine""",Genome Release 64-3-1
YNCP0023W,YNCP0023W,SGDID:S000006589,tRNA_gene,CHR_16,860379,860449,"""Glycine tRNA (tRNA-Gly) ; predicted by tRNAscan-SE analysis""",Genome Release 64-3-1
YNCP0024C,YNCP0024C,SGDID:S000006612,tRNA_gene,CHR_16,880296,880369,"tRNA_gene ; ""Isoleucine tRNA (tRNA-Ile) ; predicted by tRNAscan-SE analysis""",Genome Release 64-3-1
YNCQ0001W,YNCQ0001W,SGDID:S000007328,tRNA_gene,CHR_MT,731,802,"""Mitochondrial proline tRNA (tRNA-Pro)""",Genome Release 64-3-1
YNCQ0002W,15S_RRNA,SGDID:S000007287,rRNA_gene,CHR_MT,6546,8194,"""Ribosomal RNA of the small mitochondrial ribosomal subunit; MSU1 allele suppresses ochre stop mutations in mitochondrial protein-coding genes""",Genome Release 64-3-1
YNCQ0003W,YNCQ0003W,SGDID:S000007337,tRNA_gene,CHR_MT,9374,9447,"""Mitochondrial tRNA ; annotated as tryptophanyl tRNA (tRNA-Trp); predicted by tRNAscan-SE analysis to have specificity for selenocysteine""",Genome Release 64-3-1
YNCQ0004W,YNCQ0004W,SGDID:S000007318,tRNA_gene,CHR_MT,35373,35444,"""Mitochondrial glutamate tRNA (tRNA-Glu); predicted by tRNAscan-SE analysis""",Genome Release 64-3-1
YNCQ0005W,YNCQ0005W,SGDID:S000007333,tRNA_gene,CHR_MT,48201,48290,"""Mitochondrial serine tRNA (tRNA-Ser); predicted by tRNAscan-SE analysis""",Genome Release 64-3-1
YNCQ0006W,21S_RRNA,SGDID:S000007288,rRNA_gene,CHR_MT,58009,60724,"""Mitochondrial 21S rRNA; intron encodes the I-SceI DNA endonuclease""",Genome Release 64-3-1
YNCQ0007W,YNCQ0007W,SGDID:S000007334,tRNA_gene,CHR_MT,63862,63937,"""Mitochondrial threonine tRNA (tRNA-Thr); predicted by tRNAscan-SE analysis""",Genome Release 64-3-1
YNCQ0008W,YNCQ0008W,SGDID:S000007316,tRNA_gene,CHR_MT,64415,64490,"""Mitochondrial cysteine tRNA (tRNA-Cys)""",Genome Release 64-3-1
YNCQ0009W,YNCQ0009W,SGDID:S000007321,tRNA_gene,CHR_MT,64596,64670,"""Mitochondrial histidine tRNA (tRNA-His); predicted by tRNAscan-SE analysis""",Genome Release 64-3-1
YNCQ0010W,YNCQ0010W,SGDID:S000007324,tRNA_gene,CHR_MT,66095,66179,"""Mitochondrial leucine tRNA (tRNA-Leu); predicted by tRNAscan-SE analysis; required for mitochondrial translation and indirectly for maintenance of the mitochondrial genome; mutations in the orthologous human gene cause the neurological disease MELAS""",Genome Release 64-3-1
YNCQ0011W,YNCQ0011W,SGDID:S000007329,tRNA_gene,CHR_MT,66210,66285,"""Mitochondrial glutamine tRNA (tRNA-Gln); predicted by tRNAscan-SE analysis; thiolation of uridine at wobble position (34) requires Ncs6p""",Genome Release 64-3-1
YNCQ0012W,YNCQ0012W,SGDID:S000007323,tRNA_gene,CHR_MT,67061,67134,"""Mitochondrial lysine tRNA (tRNA-Lys); predicted by tRNAscan-SE analysis; modification of wobble base U34 is decreased at elevated temperatures ; decreasing ability to decode AAG codons; this function is performed at high temperature by imported cytoplasmic tRNA-Lys with CUU anticodon""",Genome Release 64-3-1
YNCQ0013W,YNCQ0013W,SGDID:S000007331,tRNA_gene,CHR_MT,67309,67381,"""Mitochondrial arginine tRNA (tRNA-Arg); predicted by tRNAscan-SE analysis""",Genome Release 64-3-1
YNCQ0014W,YNCQ0014W,SGDID:S000007320,tRNA_gene,CHR_MT,67468,67542,"""Mitochondrial glycine tRNA (tRNA-Gly); predicted by tRNAscan-SE analysis""",Genome Release 64-3-1
YNCQ0015W,YNCQ0015W,SGDID:S000007317,tRNA_gene,CHR_MT,68322,68396,"""Mitochondrial aspartate tRNA (tRNA-Asp); predicted by tRNAscan-SE analysis""",Genome Release 64-3-1
YNCQ0016W,YNCQ0016W,SGDID:S000007332,tRNA_gene,CHR_MT,69203,69288,"""Mitochondrial serine tRNA (tRNA-Ser); predicted by tRNAscan-SE analysis""",Genome Release 64-3-1
YNCQ0017W,YNCQ0017W,SGDID:S000007330,tRNA_gene,CHR_MT,69289,69362,"""Mitochondrial arginine tRNA (tRNA-Arg); low frequency of cognate codon and low prevalence in cell extracts suggests that tR(ACG)Q2 is the least transcribed of the two yeast mitochondrial genes coding for tRNA-Arg""",Genome Release 64-3-1
YNCQ0018W,YNCQ0018W,SGDID:S000007315,tRNA_gene,CHR_MT,69846,69921,"""Mitochondrial alanine tRNA (tRNA-Ala); predicted by tRNAscan-SE analysis""",Genome Release 64-3-1
YNCQ0019W,YNCQ0019W,SGDID:S000007322,tRNA_gene,CHR_MT,70162,70237,"""Mitochondrial isoleucine tRNA (tRNA-Ile); predicted by tRNAscan-SE analysis; mutations in human ortholog are linked to conditions such as progressive encephalopathy ; metabolic syndrome ; and hypomagnesaemia""",Genome Release 64-3-1
YNCQ0020W,YNCQ0020W,SGDID:S000007338,tRNA_gene,CHR_MT,70824,70907,"""Mitochondrial tyrosine tRNA (tRNA-Tyr)""",Genome Release 64-3-1
YNCQ0021W,YNCQ0021W,SGDID:S000007327,tRNA_gene,CHR_MT,71433,71503,"""Mitochondrial asparagine tRNA (tRNA-Asn); predicted by tRNAscan-SE analysis""",Genome Release 64-3-1
YNCQ0022W,YNCQ0022W,SGDID:S000007325,tRNA_gene,CHR_MT,72630,72705,"""Mitochondrial methionine tRNA (tRNA-Met); predicted by tRNAscan-SE analysis""",Genome Release 64-3-1
YNCQ0023W,YNCQ0023W,SGDID:S000007319,tRNA_gene,CHR_MT,77431,77505,"""Mitochondrial phenylalanine tRNA (tRNA-Phe); predicted by tRNAscan-SE analysis""",Genome Release 64-3-1
YNCQ0024C,YNCQ0024C,SGDID:S000007335,tRNA_gene,CHR_MT,78089,78162,"tRNA_gene ; ""Mitochondrial threonine tRNA (tRNA-Thr); decodes CUA codons as threonine rather than leucine; has an unusual enlarged 8-nt anticodon loop; may be evolutionarily derived from mitochondrial tRNA-His; conserved in some genera of budding yeasts""",Genome Release 64-3-1
YNCQ0025W,YNCQ0025W,SGDID:S000007336,tRNA_gene,CHR_MT,78533,78608,"""Mitochondrial valine tRNA (tRNA-Val); predicted by tRNAscan-SE analysis""",Genome Release 64-3-1
YNCQ0026W,YNCQ0026W,SGDID:S000007326,tRNA_gene,CHR_MT,85035,85112,"""Mitochondrial formylated methionine tRNA (tRNA-fMet); predicted by tRNAscan-SE analysis""",Genome Release 64-3-1
YNCQ0027W,RPM1,SGDID:S000029023,ncRNA_gene,CHR_MT,85295,85777,"""RNA component of mitochondrial RNase P; mitochondrial RNase P also contains the protein subunit Rpm2p; RNase P removes 5' extensions from mitochondrial tRNA precursors; RPM1 is conserved in bacteria ; fungi ; and protozoa""",Genome Release 64-3-1
